company_name,confidence,claimed_prob,outcome_has_decision_record,blank_funding_stage,tier,score,design_match,total_decisions
1LIFE HEALTHCARE INC,Medium,0.6,1,0,Watch,60.0,0,2.0
1UPHEALTH INC,Medium,0.6,1,0,Watch,55.8,0,12.0
23ANDME INC,Medium,0.6,1,0,Watch,54.5,0,54.0
24M TECHNOLOGIES INC,Medium,0.6,1,0,Watch,51.7,0,12.0
317 LABS INC,Medium,0.6,1,0,Watch,55.8,0,2.0
3DEO INC,Medium,0.6,1,0,Watch,47.5,0,4.0
6SENSE INSIGHTS INC,Medium,0.6,1,0,Watch,60.0,0,62.0
98POINT6 TECHNOLOGIES INC,Medium,0.6,1,0,Watch,39.2,0,2.0
A10 NETWORKS INC,Medium,0.6,1,0,Watch,37.9,0,110.0
ABACUS INSIGHTS INC,Medium,0.6,1,0,Watch,47.5,0,22.0
ABBVIE INC,Medium,0.6,1,0,Watch,59.4,0,1108.0
ACADEMIA INC,Medium,0.6,1,0,Watch,47.5,0,10.0
ACCELA INC,Medium,0.6,1,0,Watch,60.0,0,4.0
ACCELBYTE INC,Medium,0.6,1,0,Watch,55.8,0,2.0
ACCELDATA INC,Medium,0.6,1,0,Watch,51.7,0,12.0
ACCOLADE INC,Medium,0.6,1,0,Watch,60.0,0,28.0
ACE-UP INC,Medium,0.6,1,0,Watch,51.7,0,2.0
ACER THERAPEUTICS INC,Medium,0.6,1,0,Low Priority,27.5,0,6.0
ACESIS INC,Medium,0.6,1,0,Watch,43.3,0,4.0
ACLARITY INC,Medium,0.6,1,0,Watch,47.5,0,2.0
ACORNS GROW INC,Medium,0.6,1,0,Watch,60.0,0,42.0
ACQUIA INC,Medium,0.6,1,0,Watch,55.8,0,18.0
ACTA PHARMACEUTICALS INC,Medium,0.6,1,0,Watch,44.3,0,22.0
ACTIONIQ INC,Medium,0.6,1,0,Watch,55.8,0,16.0
ACUITYMD INC,Medium,0.6,1,0,Watch,51.7,0,16.0
ACUTUS MEDICAL INC,Medium,0.6,1,0,Watch,60.0,0,2.0
ACV AUCTIONS INC,Medium,0.6,1,0,Watch,55.8,0,22.0
AD LIGHTNING INC,Medium,0.6,1,0,Watch,47.5,0,2.0
ADAGIO MEDICAL INC,Medium,0.6,1,0,Watch,47.5,0,2.0
ADAPTIVE BIOTECHNOLOGIES CORP,Medium,0.6,1,0,Watch,60.0,0,12.0
ADARX PHARMACEUTICALS INC,Medium,0.6,1,0,Watch,60.0,0,4.0
ADDEPAR INC,High,0.9,1,0,Top,100.0,1,150.0
ADEPT ID INC,Medium,0.6,1,0,Watch,39.2,0,4.0
ADVANCED ENT SOLUTIONS INC,Medium,0.6,1,0,Watch,48.7,0,24.0
ADVOCATE INC,Medium,0.6,1,0,Watch,51.7,0,16.0
ADVOCATES INC,Medium,0.6,1,0,Watch,39.2,0,16.0
AEHR TEST SYSTEMS,Medium,0.6,1,0,Watch,47.5,0,6.0
AEMASS INC,Medium,0.6,1,0,Watch,39.2,0,2.0
AEROCINE VENTURES INC,Medium,0.6,1,0,Watch,43.3,0,4.0
AEROSHIELD MATERIALS INC,Medium,0.6,1,0,Watch,43.3,0,2.0
AESCAPE INC,Medium,0.6,1,0,Watch,40.0,0,18.0
AEVA INC,Medium,0.6,1,0,Watch,43.3,0,120.0
AEYE INC,Medium,0.6,1,0,Watch,43.3,0,20.0
AFFECTIVA INC,Medium,0.6,1,0,Watch,51.7,0,10.0
AFFICIENCY INC,Medium,0.6,1,0,Watch,44.3,0,22.0
AFFINITY SOLUTIONS INC,Medium,0.6,1,0,Watch,51.7,0,40.0
AGENT TECHNOLOGIES INC,Medium,0.6,1,0,Watch,42.7,0,220.0
AI PROTEINS INC,Medium,0.6,1,0,Watch,43.3,0,4.0
AIDASH INC,Medium,0.6,1,0,Watch,51.7,0,12.0
AIDORA INC,Medium,0.6,1,0,Watch,43.3,0,2.0
AIERA INC,Medium,0.6,1,0,Watch,51.7,0,102.0
AIFI INC,Medium,0.6,1,0,Watch,47.5,0,16.0
AIM INTELLIGENT MACHINES INC,Medium,0.6,1,0,Watch,55.8,0,10.0
AION BIOSYSTEMS INC,Medium,0.6,1,0,Watch,43.3,0,2.0
AIRBIQUITY INC,Medium,0.6,1,0,Watch,47.5,0,2.0
AIRBNB INC,Medium,0.6,1,0,Watch,51.3,0,1010.0
AIRBYTE INC,Medium,0.6,1,0,Watch,51.7,0,20.0
AIRCALLIO INC,Medium,0.6,1,0,Watch,55.8,0,16.0
AKERO THERAPEUTICS INC,Medium,0.6,1,0,Watch,55.8,0,8.0
AKIA SYNDICATE,Medium,0.6,1,0,Watch,43.3,0,6.0
AKOYA BIOSCIENCES INC,Medium,0.6,1,0,Watch,51.7,0,26.0
AKTANA INC,Medium,0.6,1,0,Watch,51.7,0,18.0
ALCHEMY INSIGHTS INC,Medium,0.6,1,0,Watch,60.0,0,18.0
ALCOVE LABS INC,Medium,0.6,1,0,Watch,43.3,0,2.0
ALECTOR LLC,Medium,0.6,1,0,Watch,51.7,0,10.0
ALLAKOS INC,Medium,0.6,1,0,Watch,60.0,0,8.0
ALLAY THERAPEUTICS INC,Medium,0.6,1,0,Watch,50.8,0,14.0
ALLELE BIOTECHNOLOGY & PHARMACEUTICALS INC,Medium,0.6,1,0,Watch,47.5,0,2.0
ALLENA PHARMACEUTICALS INC,Medium,0.6,1,0,Watch,43.3,0,4.0
ALLOGENE THERAPEUTICS INC,Medium,0.6,1,0,Watch,60.0,0,8.0
ALLOY THERAPEUTICS INC,Medium,0.6,1,0,Watch,50.8,0,14.0
ALLURION TECHNOLOGIES INC,Medium,0.6,1,0,Watch,47.5,0,4.0
ALLY THERAPEUTICS INC,Medium,0.6,1,0,Watch,42.5,0,14.0
ALPHA TEKNOVA INC,Medium,0.6,1,0,Watch,51.7,0,4.0
ALPHONSO INC,Medium,0.6,1,0,Watch,46.0,0,136.0
ALTERYX INC,Medium,0.6,1,0,Watch,43.3,0,56.0
ALTIGEN COMMUNICATIONS INC,Medium,0.6,1,0,Watch,39.2,0,4.0
ALTPEP CORP,Medium,0.6,1,0,Watch,55.8,0,2.0
ALVEO TECHNOLOGIES INC,Medium,0.6,1,0,Watch,51.7,0,4.0
AM BATTERIES INC,Medium,0.6,1,0,Watch,51.7,0,6.0
AMALGAMATED TOKEN SERVICES INC,Medium,0.6,1,0,Watch,51.7,0,2.0
AMAZEVR INC,Medium,0.6,1,0,Top,91.7,1,2.0
AMBERDATA INC,Medium,0.6,1,0,Watch,43.3,0,6.0
AMBERFLOIO INC,High,0.9,1,0,Top,91.7,1,4.0
AMBIENCE HEALTHCARE INC,High,0.9,1,0,Top,100.0,1,6.0
AMBIQ MICRO INC,Medium,0.6,1,0,Watch,43.3,0,14.0
AMERICAN GENERAL LIFE INSURANCE CO,Medium,0.6,1,0,Watch,51.4,0,236.0
AMGEN INC,Medium,0.6,1,1,Low Priority,34.8,0,1892.0
AMINO INC,Medium,0.6,1,0,Watch,51.7,0,2.0
AMOGY INC,Medium,0.6,1,0,Watch,47.5,0,28.0
AMOUNT INC,Medium,0.6,1,0,Watch,49.7,0,36.0
AMPERITY INC,Medium,0.6,1,0,Watch,51.7,0,18.0
AMPION PBC,Medium,0.6,1,0,Watch,47.5,0,18.0
AMPLE INC,Medium,0.6,1,0,Watch,51.7,0,58.0
AMPLIFICA HOLDINGS GROUP INC,Medium,0.6,1,0,Watch,43.3,0,2.0
AMPLITUDE INC,Medium,0.6,1,0,Watch,58.9,0,128.0
AMPRIUS TECHNOLOGIES INC,Medium,0.6,1,0,Watch,39.2,0,14.0
AMYRIS INC,Medium,0.6,1,0,Watch,46.0,0,46.0
ANACONDA INC,Medium,0.6,1,0,Watch,43.3,0,12.0
ANALOG INFERENCE INC,Medium,0.6,1,0,Watch,51.7,0,4.0
ANAPLAN INC,Medium,0.6,1,0,Watch,53.7,0,166.0
ANCHAINAI INC,Medium,0.6,1,0,Watch,47.5,0,2.0
ANCHORE INC,Medium,0.6,1,0,Watch,51.7,0,20.0
ANDIUM INC,Medium,0.6,1,0,Watch,51.7,0,4.0
ANGLE TECHNOLOGIES INC,Medium,0.6,1,0,Watch,40.5,0,10.0
ANOKIWAVE INC,Medium,0.6,1,0,Watch,43.3,0,2.0
ANOMALI INC,Medium,0.6,1,0,Watch,51.7,0,18.0
ANROK INC,Medium,0.6,1,0,Watch,55.8,0,10.0
ANSA BIOTECHNOLOGIES INC,Medium,0.6,1,0,Watch,38.3,0,4.0
ANTERA THERAPEUTICS INC,Medium,0.6,1,0,Watch,43.3,0,20.0
ANTHEMIQ INC,Medium,0.6,1,0,Watch,47.5,0,2.0
ANYSCALE INC,Medium,0.6,1,0,Watch,58.5,0,96.0
APARTMENT LIST INC,Medium,0.6,1,0,Watch,39.2,0,8.0
APEX TECHNOLOGY INC,Medium,0.6,1,0,Watch,60.0,0,62.0
APIPHANI INC,Medium,0.6,1,0,Watch,51.7,0,8.0
APIXIO INC,High,0.9,1,0,Top,87.5,1,22.0
APP ORCHID INC,Medium,0.6,1,0,Watch,39.2,0,38.0
APPLAUD MEDICAL INC,Medium,0.6,1,0,Watch,47.5,0,2.0
APPLAUSE APP QUALITY INC,Medium,0.6,1,0,Watch,51.7,0,38.0
APPLIED BIOCODE INC,Medium,0.6,1,0,Watch,47.5,0,2.0
APPLIED DATA FINANCE LLC,Medium,0.6,1,0,Watch,51.7,0,10.0
APPLIED STEMCELL INC,Medium,0.6,1,0,Watch,51.7,0,8.0
APPLOVIN CORP,High,0.9,1,0,Top,99.5,1,132.0
APPTIO INC,Medium,0.6,1,0,Watch,43.3,0,14.0
APPTRONIK INC,Medium,0.6,1,0,Watch,58.8,0,58.0
APPVIEWX INC,Medium,0.6,1,0,Watch,39.2,0,12.0
APPZEN INC,Medium,0.6,1,0,Watch,55.8,0,32.0
APRICUS BIOSCIENCES INC,Medium,0.6,1,0,Watch,43.3,0,90.0
APRIORI TECHNOLOGIES INC,Medium,0.6,1,0,Watch,51.7,0,8.0
APTTUS CORP,Medium,0.6,1,0,Watch,55.8,0,68.0
ARABLE LABS INC,Medium,0.6,1,0,Watch,55.8,0,12.0
ARAGEN BIOSCIENCE INC,Medium,0.6,1,0,Watch,43.3,0,4.0
ARBOR BIOTECHNOLOGIES INC,Medium,0.6,1,0,Watch,60.0,0,4.0
ARCSPAN TECHNOLOGIES INC,Medium,0.6,1,0,Watch,39.2,0,2.0
ARCTURUS THERAPEUTICS INC,Medium,0.6,1,0,Watch,47.5,0,12.0
ARCTURUS THERAPEUTICS LTD,Medium,0.6,1,0,Watch,55.8,0,12.0
ARGONAUT MANUFACTURING SERVICES INC,Medium,0.6,1,0,Watch,47.5,0,4.0
ARISTA NETWORKS INC,Medium,0.6,1,0,Watch,46.6,0,720.0
ARRAKIS THERAPEUTICS INC,Medium,0.6,1,0,Watch,47.5,0,6.0
ARRCUS INC,Medium,0.6,1,0,Watch,51.7,0,50.0
ARRIS COMPOSITES INC,Medium,0.6,1,0,Watch,55.8,0,4.0
ARTHUR AI INC,Medium,0.6,1,0,Watch,51.7,0,6.0
ARTIFICIAL INC,Medium,0.6,1,0,Watch,51.7,0,4.0
ARYAKA NETWORKS INC,Medium,0.6,1,0,Watch,55.8,0,40.0
ARZEDA CORP,Medium,0.6,1,0,Watch,43.3,0,2.0
ASANA INC,High,0.9,1,0,Top,94.5,1,366.0
ASAPP INC,Medium,0.6,1,0,Watch,60.0,0,20.0
ASCEND ELEMENTS INC,Medium,0.6,1,0,Watch,57.8,0,32.0
ASCENT TECHNOLOGIES INC,Medium,0.6,1,0,Watch,47.5,0,2.0
ASCUS BIOSCIENCES INC,Medium,0.6,1,0,Watch,47.5,0,90.0
ASH WELLNESS INC,Medium,0.6,1,0,Watch,47.5,0,2.0
ASIMILY INC,Medium,0.6,1,0,Watch,47.5,0,10.0
ASIMOV INC,Medium,0.6,1,0,Watch,43.3,0,2.0
ASPEN AEROGELS INC,Medium,0.6,1,0,Watch,55.8,0,32.0
ASTERA LABS INC,Medium,0.6,1,0,Watch,51.7,0,208.0
ASTRUMU INC,Medium,0.6,1,0,Watch,39.2,0,12.0
ATHEER INC,Medium,0.6,1,0,Watch,47.5,0,2.0
ATHELAS INC,Medium,0.6,1,0,Watch,55.8,0,10.0
ATHIRA PHARMA INC,Medium,0.6,1,0,Watch,55.8,0,2.0
ATLANTIC QUANTUM CORP,Medium,0.6,1,0,Watch,47.5,0,2.0
ATOM COMPUTING INC,Medium,0.6,1,0,Watch,55.8,0,8.0
ATTACKIQ INC,Medium,0.6,1,0,Watch,55.8,0,4.0
ATTENTIVE MOBILE INC,Medium,0.6,1,0,Watch,60.0,0,96.0
AUGMEDIX INC,Medium,0.6,1,0,Watch,44.0,0,20.0
AUGMENTED REALITY CONCEPTS INC,Medium,0.6,1,0,Watch,60.0,0,10.0
AUGUST HOME INC,Medium,0.6,1,0,Watch,51.7,0,8.0
AURIS HEALTH INC,Medium,0.6,1,0,Watch,60.0,0,276.0
AURORA INNOVATION INC,Medium,0.6,1,0,Watch,55.5,0,214.0
AURORA SOLAR INC,Medium,0.6,1,0,Watch,51.2,0,24.0
AUTO MOTIVE POWER INC,Medium,0.6,1,0,Watch,47.5,0,12.0
AUTODESK INC,Medium,0.6,1,0,Watch,55.8,0,2.0
AUTOFI INC,Medium,0.6,1,0,Watch,47.5,0,6.0
AUTOMATION ANYWHERE INC,Medium,0.6,1,0,Watch,60.0,0,164.0
AUTOMATTIC INC,Medium,0.6,1,0,Watch,60.0,0,18.0
AUTOMOTIVEMASTERMIND INC,Medium,0.6,1,0,Watch,55.8,0,34.0
AUTOMOTUS,Medium,0.6,1,0,Watch,39.2,0,6.0
AVA LABS INC,Medium,0.6,1,0,Watch,47.5,0,14.0
AVA ROBOTICS INC,Medium,0.6,1,0,Watch,43.3,0,2.0
AVAIL MEDSYSTEMS INC,Medium,0.6,1,0,Watch,60.0,0,8.0
AVALANCHE BIOTECHNOLOGIES INC,Medium,0.6,1,0,Watch,44.3,0,66.0
AVALARA INC,Medium,0.6,1,0,Watch,55.3,0,130.0
AVAVA INC,Medium,0.6,1,0,Watch,51.7,0,2.0
AVEDRO INC,Medium,0.6,1,0,Watch,51.7,0,12.0
AVERNA THERAPEUTICS INC,Medium,0.6,1,0,Watch,55.8,0,20.0
AVIATRIX SYSTEMS INC,Medium,0.6,1,0,Watch,55.2,0,108.0
AVIDITY BIOSCIENCES INC,Medium,0.6,1,0,Watch,60.0,0,4.0
AVIDITY BIOSCIENCES LLC,Medium,0.6,1,0,Watch,51.7,0,4.0
AVINGER INC,Medium,0.6,1,0,Watch,43.3,0,4.0
AVOCHATO INC,Medium,0.6,1,0,Watch,43.3,0,4.0
AXIA TECHNOLOGIES LLC,Medium,0.6,1,0,Watch,43.3,0,2.0
AXIADO CORP,Medium,0.6,1,0,Watch,41.4,0,36.0
AXIOM INC,Medium,0.6,1,0,Watch,46.0,0,48.0
AXLEHIRE INC,Medium,0.6,1,0,Watch,47.5,0,6.0
BACKBONE LABS INC,Medium,0.6,1,0,Watch,39.2,0,4.0
BALLENTINE PARTNERS LLC,Medium,0.6,1,0,Watch,51.7,0,4.0
BANK OF NEW YORK MELLON CORP,Medium,0.6,1,1,Low Priority,34.7,0,710.0
BANYAN INFRASTRUCTURE CORP,Medium,0.6,1,0,Watch,51.7,0,2.0
BARKING LABS CORP,Medium,0.6,1,0,Watch,51.7,0,2.0
BARSTOOL SPORTS INC,Medium,0.6,1,0,Watch,47.5,0,4.0
BEACHBODY LLC,Medium,0.6,1,0,Watch,45.6,0,36.0
BEAM THERAPEUTICS INC,Medium,0.6,1,0,Watch,60.0,0,60.0
BELFRY SOFTWARE INC,Medium,0.6,1,0,Watch,51.7,0,2.0
BENCHLING INC,Medium,0.6,1,0,Watch,47.5,0,78.0
BENEFIT HARBOR LP,Medium,0.6,1,0,Watch,43.3,0,6.0
BENEFITS SCIENCE LLC,Medium,0.6,1,0,Watch,43.3,0,18.0
BENITAGO INC,Medium,0.6,1,0,Watch,43.3,0,2.0
BERKELEY LIGHTS INC,Medium,0.6,1,0,Watch,55.8,0,4.0
BERKELEY RESEARCH GROUP HOLDINGS LLC,Medium,0.6,1,0,Watch,51.7,0,50.0
BERKELEY RESEARCH GROUP LLC,Medium,0.6,1,0,Watch,43.3,0,50.0
BETTERUP INC,Medium,0.6,1,0,Watch,57.8,0,32.0
BIGHAT BIOSCIENCES INC,Medium,0.6,1,0,Watch,60.0,0,6.0
BIGSTREAM SOLUTIONS INC,Medium,0.6,1,0,Watch,47.5,0,120.0
BILT TECHNOLOGIES INC,Medium,0.6,1,0,Watch,60.0,0,12.0
BIOAGE LABS INC,Medium,0.6,1,0,Watch,60.0,0,2.0
BIOME ANALYTICS INC,Medium,0.6,1,0,Watch,39.2,0,2.0
BIOMEA FUSION INC,Medium,0.6,1,0,Watch,47.1,0,8.0
BIRD RIDES INC,Medium,0.6,1,0,Watch,38.3,0,4.0
BIRDEYE INC,Medium,0.6,1,0,Watch,55.8,0,12.0
BITSIGHT TECHNOLOGIES INC,Medium,0.6,1,0,Watch,55.8,0,30.0
BLADE THERAPEUTICS INC,Medium,0.6,1,0,Watch,47.5,0,2.0
BLANK STREET INC,Medium,0.6,1,0,Watch,51.7,0,4.0
BLOCKAPPS INC,Medium,0.6,1,0,Watch,51.7,0,4.0
BLOCKFI INC,Medium,0.6,1,0,Watch,51.7,0,4.0
BLUE RIVER TECHNOLOGY INC,Medium,0.6,1,0,Watch,51.7,0,2.0
BLUEBIRD BIO INC,Medium,0.6,1,0,Watch,55.8,0,50.0
BLUECORE INC,Medium,0.6,1,0,Watch,51.7,0,20.0
BLUENALU INC,Medium,0.6,1,0,Watch,43.3,0,4.0
BLUENET TECHNOLOGIES INC,Medium,0.6,1,1,Watch,35.0,0,2.0
BLUEPRINT POWER TECHNOLOGIES INC,Medium,0.6,1,0,Watch,43.3,0,2.0
BODYSHOPBIDS INC,Medium,0.6,1,0,Watch,43.3,0,14.0
BOLT FINANCIAL INC,Medium,0.6,1,0,Watch,53.0,0,30.0
BOLT THREADS INC,Medium,0.6,1,0,Watch,55.8,0,2.0
BOOMTOWN NETWORK INC,Medium,0.6,1,0,Watch,47.5,0,2.0
BOOSTR INC,Medium,0.6,1,0,Watch,47.5,0,4.0
BORDERX LAB INC,Medium,0.6,1,0,Watch,51.7,0,2.0
BOSTON ELECTROMETALLURGICAL CORP,Medium,0.6,1,0,Watch,55.8,0,4.0
BOSTON MATERIALS INC,Medium,0.6,1,0,Watch,47.5,0,2.0
BOTFACTORY INC,Medium,0.6,1,0,Watch,39.2,0,4.0
BOTRISTA TECHNOLOGY INC,Medium,0.6,1,0,Watch,51.7,0,2.0
BOUNCE IMAGING INC,Medium,0.6,1,0,Watch,47.5,0,2.0
BOZBURUN INC,Medium,0.6,1,0,Watch,43.3,0,2.0
BRAIN CORP,Medium,0.6,1,0,Watch,50.4,0,54.0
BRAZE INC,Medium,0.6,1,0,Watch,58.7,0,52.0
BRELYON INC,Medium,0.6,1,0,Watch,47.5,0,6.0
BRIDGE IT INC,High,0.9,1,0,Top,79.2,1,26.0
BRIDGELINE DIGITAL INC,Medium,0.6,1,0,Watch,43.3,0,12.0
BRIGHT MACHINES INC,Medium,0.6,1,0,Watch,55.8,0,26.0
BRIGHTCOVE INC,High,0.9,1,0,Top,75.7,1,40.0
BRIGHTFARMS INC,Medium,0.6,1,0,Watch,51.7,0,8.0
BRIGHTINSIGHT INC,Medium,0.6,1,0,Watch,60.0,0,16.0
BRINQA INC,Medium,0.6,1,0,Watch,51.7,0,10.0
BULLPEN SPORTS NETWORK INC,Medium,0.6,1,0,Watch,47.5,0,2.0
BUTLR TECHNOLOGIES INC,Medium,0.6,1,0,Watch,47.5,0,14.0
BUTTER PAYMENTS INC,Medium,0.6,1,0,Watch,51.7,0,6.0
BUYERS EDGE PLATFORM LLC,Medium,0.6,1,0,Watch,51.7,0,2.0
BUZZ SOLUTIONS INC,Medium,0.6,1,0,Watch,43.3,0,4.0
BYHEART INC,Medium,0.6,1,0,Watch,55.8,0,8.0
BYTEMARK INC,Medium,0.6,1,0,Watch,47.5,0,6.0
C4 THERAPEUTICS INC,Medium,0.6,1,0,Watch,55.8,0,6.0
CABAN SYSTEMS HOLDING INC,Medium,0.6,1,0,Watch,60.0,0,4.0
CABOT CORP,Medium,0.6,1,0,Watch,60.0,0,8.0
CADENCE GROUP INC,Medium,0.6,1,0,Watch,47.5,0,2.0
CALA HEALTH INC,Medium,0.6,1,0,Watch,47.1,0,16.0
CALIENT TECHNOLOGIES INC,Medium,0.6,1,0,Watch,51.7,0,2.0
CALMCOM INC,Medium,0.6,1,0,Watch,51.7,0,16.0
CAMBRIDGE CROPS INC,Medium,0.6,1,0,Watch,55.8,0,4.0
CAMBRIDGE MOBILE TELEMATICS INC,Medium,0.6,1,0,Watch,43.3,0,72.0
CAMBRIDGE SEMANTICS INC,Medium,0.6,1,0,Watch,47.5,0,12.0
CAMINO FINANCIAL INC,Medium,0.6,1,0,Watch,47.5,0,2.0
CANOE SOFTWARE INC,Medium,0.6,1,0,Watch,47.5,0,2.0
CANTO TECHNOLOGIES INC,Medium,0.6,1,0,Watch,46.9,0,220.0
CAPITAL RX INC,Medium,0.6,1,0,Watch,60.0,0,6.0
CAPSHIFT LLC,Medium,0.6,1,0,Watch,43.3,0,10.0
CAPSTAN THERAPEUTICS INC,Medium,0.6,1,0,Watch,55.8,0,4.0
CAPTION HEALTH INC,Medium,0.6,1,0,Watch,55.8,0,10.0
CARBON AUTONOMOUS ROBOTIC SYSTEMS INC,Medium,0.6,1,0,Watch,55.8,0,2.0
CARBON CAPTURE INC,Medium,0.6,1,0,Watch,51.7,0,4.0
CARBON DIRECT INC,Medium,0.6,1,0,Watch,55.8,0,6.0
CARBON INC,Medium,0.6,1,0,Watch,60.0,0,8.0
CARDFLIGHT INC,Medium,0.6,1,0,Watch,39.2,0,10.0
CAREDOX INC,Medium,0.6,1,0,Watch,41.8,0,46.0
CAREDX INC,Medium,0.6,1,0,Watch,46.0,0,46.0
CARGO CHIEF ACQUISITION INC,Medium,0.6,1,0,Watch,39.2,0,2.0
CARGOMATIC INC,Medium,0.6,1,0,Watch,47.5,0,16.0
CARGOMETRICS TECHNOLOGIES INC,Medium,0.6,1,0,Watch,43.3,0,4.0
CARGOMETRICS TECHNOLOGIES LLC,Medium,0.6,1,0,Watch,47.5,0,4.0
CARIBOU BIOSCIENCES INC,Medium,0.6,1,0,Watch,60.0,0,16.0
CASETEXT INC,Medium,0.6,1,0,Watch,51.7,0,2.0
CASPER SLEEP INC,Medium,0.6,1,0,Watch,55.8,0,8.0
CASTLE BIOSCIENCES INC,Medium,0.6,1,0,Watch,47.5,0,2.0
CATCHPOINT SYSTEMS INC,Medium,0.6,1,0,Watch,51.7,0,16.0
CCC INTELLIGENT SOLUTIONS HOLDINGS INC,Medium,0.6,1,0,Watch,60.0,0,240.0
CEDAR CARES INC,Medium,0.6,1,0,Watch,60.0,0,42.0
CELERO SYSTEMS INC,Medium,0.6,1,0,Watch,42.0,0,104.0
CELESTIAL AI INC,Medium,0.6,1,0,Watch,60.0,0,56.0
CELIGO INC,Medium,0.6,1,0,Watch,55.8,0,34.0
CELLANOME INC,Medium,0.6,1,0,Watch,60.0,0,4.0
CELLICS THERAPEUTICS INC,Medium,0.6,1,0,Watch,47.5,0,4.0
CELLINK CORP,Medium,0.6,1,0,Watch,51.7,0,36.0
CELLULAR BIOMEDICINE GROUP INC,Medium,0.6,1,0,Watch,51.7,0,2.0
CELONA INC,Medium,0.6,1,0,Watch,49.3,0,30.0
CENTAGE CORP,Medium,0.6,1,0,Watch,47.5,0,2.0
CENTIFIC GLOBAL SOLUTIONS INC,Medium,0.6,1,0,Watch,55.8,0,22.0
CEQUENCE SECURITY INC,Medium,0.6,1,0,Watch,47.5,0,54.0
CERESA INC,Medium,0.6,1,0,Watch,47.5,0,12.0
CHAINALYSIS INC,Medium,0.6,1,0,Watch,55.8,0,62.0
CHARGEPOINT INC,Medium,0.6,1,0,Watch,58.8,0,176.0
CHARMED AI INC,Medium,0.6,1,0,Watch,39.2,0,2.0
CHECKR INC,High,0.9,1,0,Top,96.7,1,84.0
CHEGG INC,Medium,0.6,1,0,Watch,39.2,0,132.0
CHEQ LIFESTYLE TECHNOLOGY INC,Medium,0.6,1,0,Watch,47.5,0,2.0
CHERRE INC,Medium,0.6,1,0,Watch,51.7,0,22.0
CHIME FINANCIAL INC,Medium,0.6,1,0,Watch,59.9,0,582.0
CHIME INC,Medium,0.6,1,0,Watch,47.5,0,2.0
CHINOOK THERAPEUTICS US INC,Medium,0.6,1,0,Watch,60.0,0,4.0
CHOWBUS INC,Medium,0.6,1,0,Watch,49.5,0,32.0
CHRONUS HEALTH INC,Medium,0.6,1,0,Watch,43.3,0,10.0
CINCH TECHNOLOGIES INC,Medium,0.6,1,0,Watch,40.6,0,102.0
CINDER TECHNOLOGIES INC,Medium,0.6,1,0,Watch,47.5,0,2.0
CIPHERHEALTH INC,Medium,0.6,1,0,Watch,51.7,0,10.0
CIPHERTRACE INC,Medium,0.6,1,0,Watch,51.7,0,6.0
CLADE THERAPEUTICS INC,Medium,0.6,1,0,Watch,55.8,0,2.0
CLARA ANALYTICS INC,Medium,0.6,1,0,Watch,51.7,0,4.0
CLARAPATH INC,Medium,0.6,1,0,Watch,51.7,0,6.0
CLARI INC,Medium,0.6,1,0,Watch,51.7,0,116.0
CLARIFY HEALTH SOLUTIONS INC,Medium,0.6,1,0,Watch,56.5,0,20.0
CLASSY INC,Medium,0.6,1,0,Watch,48.2,0,20.0
CLEAR LABS INC,Medium,0.6,1,0,Watch,51.7,0,6.0
CLEARCOVER INC,Medium,0.6,1,0,Watch,60.0,0,20.0
CLEARFLAME ENGINES INC,Medium,0.6,1,0,Watch,51.7,0,2.0
CLEARMOTION INC,Medium,0.6,1,0,Watch,55.8,0,2.0
CLEVER CARE HEALTH PLAN INC,Medium,0.6,1,0,Watch,51.7,0,8.0
CLOAKED INC,Medium,0.6,1,0,Watch,51.7,0,10.0
CLOUD TECHNOLOGIES INC,High,0.9,1,0,Top,91.7,1,10.0
CLOUDLABS INC,Medium,0.6,1,0,Watch,41.7,0,24.0
CLOUDLEAF INC,Medium,0.6,1,0,Watch,51.7,0,2.0
CLOUDVIRGA INC,Medium,0.6,1,0,Watch,47.5,0,2.0
CLUMIO INC,Medium,0.6,1,0,Watch,47.5,0,24.0
CNT HOLDINGS I CORP,Medium,0.6,1,0,Watch,60.0,0,4.0
COALITION INC,Medium,0.6,1,0,Watch,60.0,0,76.0
CODAMETRIX INC,Medium,0.6,1,0,Watch,47.5,0,18.0
CODEAC SOLUTIONS INC,Medium,0.6,1,0,Watch,39.2,0,100.0
CODER TECHNOLOGIES INC,Medium,0.6,1,0,Watch,51.7,0,10.0
CODEXIS INC,Medium,0.6,1,0,Watch,55.8,0,4.0
COEFFICIENT WORKS INC,Medium,0.6,1,0,Watch,51.7,0,10.0
COGNIAC CORP,Medium,0.6,1,0,Watch,51.7,0,8.0
COGNIDA INC,Medium,0.6,1,0,Watch,43.3,0,14.0
COGNITUS CONSULTING LLC,Medium,0.6,1,0,Watch,47.5,0,116.0
COGNIZER INC,Medium,0.6,1,0,Watch,46.7,0,336.0
COHERE HEALTH INC,Medium,0.6,1,0,Watch,55.2,0,106.0
COHESITY INC,Medium,0.6,1,0,Watch,59.7,0,416.0
COIN METRICS INC,Medium,0.6,1,0,Watch,47.5,0,4.0
COLLEGIUM PHARMACEUTICAL INC,Medium,0.6,1,0,Watch,51.7,0,8.0
COLLOV INC,Medium,0.6,1,0,Watch,47.5,0,8.0
COLOR HEALTH INC,Medium,0.6,1,0,Watch,55.8,0,16.0
COMMERCE FABRIC INC,Medium,0.6,1,0,Watch,60.0,0,18.0
COMMON LIVING INC,Medium,0.6,1,0,Watch,51.7,0,2.0
COMPASS THERAPEUTICS INC,Medium,0.6,1,0,Watch,55.8,0,6.0
COMPOUND LABS INC,Medium,0.6,1,0,Watch,51.7,0,2.0
CONDUKTOR INC,Medium,0.6,1,1,Watch,35.0,0,2.0
CONFLUENT INC,Medium,0.6,1,0,Watch,55.8,0,610.0
CONFORMIS INC,Medium,0.6,1,0,Watch,55.8,0,4.0
CONNECTED2FIBER INC,Medium,0.6,1,0,Watch,43.3,0,2.0
CONSENSYS SOFTWARE INC,Medium,0.6,1,0,Watch,60.0,0,24.0
CONSERO GLOBAL SOLUTIONS LLC,Medium,0.6,1,0,Watch,47.5,0,2.0
CONSTELLATION PHARMACEUTICALS INC,Medium,0.6,1,0,Watch,55.8,0,12.0
CONTENT FINANCE INC,Medium,0.6,1,0,Watch,51.7,0,2.0
CONTINUUS PHARMACEUTICALS INC,Medium,0.6,1,0,Watch,47.5,0,12.0
CONTORO INC,Medium,0.6,1,0,Watch,47.5,0,6.0
CONVAI TECHNOLOGIES INC,Medium,0.6,1,0,Watch,43.3,0,8.0
CONVEY INC,Medium,0.6,1,0,Watch,47.5,0,2.0
CONVOY INC,Medium,0.6,1,0,Watch,57.1,0,24.0
COOLER SCREENS INC,Medium,0.6,1,1,Watch,35.0,0,4.0
COPART INC,Medium,0.6,1,0,Watch,60.0,0,132.0
CORE APPLICATIONS INC,Medium,0.6,1,0,Watch,39.2,0,4.0
CORNAMI INC,High,0.9,1,0,Top,79.2,1,10.0
CORVUS ROBOTICS INC,Medium,0.6,1,0,Watch,38.8,0,8.0
COTA INC,Medium,0.6,1,0,Watch,51.7,0,4.0
COUPA SOFTWARE INC,Medium,0.6,1,0,Watch,54.6,0,222.0
COURSERA INC,Medium,0.6,1,0,Watch,59.2,0,90.0
COVARIANT INC,Medium,0.6,1,0,Watch,51.7,0,32.0
COVERUS INC,Medium,0.6,1,0,Watch,39.2,0,36.0
COVERWALLET INC,Medium,0.6,1,0,Watch,51.7,0,10.0
COVEY INC,Medium,0.6,1,0,Watch,47.5,0,2.0
CPACKET NETWORKS INC,Medium,0.6,1,0,Watch,39.2,0,16.0
CRE8TECH LABS INC,Medium,0.6,1,0,Watch,47.5,0,6.0
CREDIBLE LABS INC,Medium,0.6,1,0,Watch,46.0,0,46.0
CREDIT SESAME INC,Medium,0.6,1,0,Watch,47.5,0,22.0
CROSSBAR INC,Medium,0.6,1,0,Watch,35.8,0,6.0
CRUX INFORMATICS INC,Medium,0.6,1,0,Watch,49.6,0,34.0
CS DISCO INC,Medium,0.6,1,0,Watch,55.8,0,18.0
CUBICPV INC,Medium,0.6,1,0,Watch,51.7,0,4.0
CUNEXUS SOLUTIONS INC,Medium,0.6,1,0,Watch,43.3,0,18.0
CURE INC,Medium,0.6,1,0,Watch,39.2,0,2.0
CURIOUSER PRODUCTS INC,Medium,0.6,1,0,Watch,51.7,0,6.0
CUSHION AI INC,Medium,0.6,1,0,Watch,51.7,0,2.0
CYBERCUBE ANALYTICS INC,Medium,0.6,1,0,Watch,51.7,0,22.0
CYBERSYN INC,Medium,0.6,1,0,Watch,55.8,0,2.0
CYEMPTIVE TECHNOLOGIES INC,Medium,0.6,1,0,Watch,47.5,0,2.0
CYNGN INC,Medium,0.6,1,0,Watch,43.3,0,36.0
CYTEK BIOSCIENCES INC,Medium,0.6,1,0,Watch,60.0,0,4.0
DATABENTO INC,Medium,0.6,1,0,Watch,51.7,0,6.0
DATABRICKS INC,Medium,0.6,1,0,Watch,59.8,0,1648.0
DATADOG INC,Medium,0.6,1,0,Watch,55.8,0,340.0
DATAIKU INC,Medium,0.6,1,0,Watch,60.0,0,24.0
DATALEGO INC,Medium,0.6,1,0,Watch,37.5,0,12.0
DATAMINR INC,Medium,0.6,1,0,Watch,58.8,0,60.0
DATAROBOT INC,Medium,0.6,1,0,Watch,49.9,0,40.0
DATASTAX INC,Medium,0.6,1,0,Watch,51.7,0,94.0
DATAVISOR INC,Medium,0.6,1,0,Watch,51.7,0,20.0
DATCH INC,Medium,0.6,1,0,Watch,47.5,0,2.0
DATOMETRY INC,Medium,0.6,1,0,Watch,39.2,0,4.0
DAVID ZWIRNER DIGITAL INC,Medium,0.6,1,0,Watch,43.3,0,2.0
DEAKO INC,Medium,0.6,1,0,Watch,43.3,0,8.0
DECIPHERA PHARMACEUTICALS LLC,Medium,0.6,1,0,Watch,55.8,0,8.0
DEEP NORTH INC,Medium,0.6,1,0,Watch,47.5,0,2.0
DEEPCELL INC,Medium,0.6,1,0,Watch,55.8,0,8.0
DEEPFRAUD TECHNOLOGIES INC,Medium,0.6,1,0,Watch,47.5,0,40.0
DEEPSCRIBE INC,Medium,0.6,1,0,Watch,43.3,0,14.0
DELOITTE & TOUCHE LLP,Medium,0.6,1,0,Watch,50.9,0,1546.0
DELOITTE CONSULTING LLP,Medium,0.6,1,0,Watch,55.0,0,9032.0
DELOITTE LLP,Medium,0.6,1,0,Watch,47.5,0,26.0
DELOITTE TAX LLP,Medium,0.6,1,0,Watch,51.4,0,2192.0
DELOITTE TOUCHE TOHMATSU SERVICES INC,Medium,0.6,1,0,Watch,38.9,0,244.0
DELOITTE TOUCHE TOHMATSU SERVICES LLC,Medium,0.6,1,0,Watch,43.0,0,244.0
DELOS LIVING LLC,Medium,0.6,1,0,Watch,51.7,0,12.0
DELPHIX CORP,Medium,0.6,1,0,Watch,60.0,0,22.0
DEMAND DRIVEN TECHNOLOGIES INC,Medium,0.6,1,0,Watch,43.3,0,6.0
DEMANDBASE INC,Medium,0.6,1,0,Watch,55.8,0,32.0
DENALI THERAPEUTICS INC,Medium,0.6,1,0,Watch,60.0,0,46.0
DENVER TECHNOLOGIES INC,Medium,0.6,1,0,Watch,47.5,0,4.0
DERIVATIVE PATH INC,Medium,0.6,1,0,Watch,51.7,0,2.0
DERMBIONT INC,Medium,0.6,1,0,Watch,40.5,0,10.0
DESERVE INC,Medium,0.6,1,0,Watch,47.5,0,16.0
DESKTOP METAL INC,Medium,0.6,1,0,Watch,60.0,0,2.0
DEWPOINT THERAPEUTICS INC,Medium,0.6,1,0,Watch,55.8,0,6.0
DEXAI ROBOTICS INC,Medium,0.6,1,0,Watch,47.5,0,4.0
DEXCARE INC,Medium,0.6,1,0,Watch,55.8,0,4.0
DEXCOM INC,Medium,0.6,1,0,Watch,47.0,0,294.0
DGRAPH LABS INC,Medium,0.6,1,0,Watch,39.2,0,4.0
DIALPAD INC,Medium,0.6,1,0,Watch,60.0,0,32.0
DIAMOND FOUNDRY INC,Medium,0.6,1,0,Watch,60.0,0,16.0
DIFUSION INC,Medium,0.6,1,0,Watch,41.9,0,48.0
DIGITALBRAIN INC,Medium,0.6,1,0,Watch,51.7,0,2.0
DILIGENT ROBOTICS INC,Medium,0.6,1,0,Watch,44.3,0,22.0
DIMENSION TECHNOLOGIES INC,Medium,0.6,1,1,Watch,35.0,0,36.0
DIODE INC,Medium,0.6,1,0,Watch,47.5,0,12.0
DISCORD INC,Medium,0.6,1,0,Watch,51.7,0,122.0
DISQO INC,Medium,0.6,1,0,Watch,53.1,0,26.0
DIVE TECHNOLOGIES INC,Medium,0.6,1,0,Watch,43.3,0,2.0
DOCUSIGN INC,Medium,0.6,1,0,Watch,51.3,0,1094.0
DOCUSMART INC,Medium,0.6,1,0,Watch,51.7,0,6.0
DOMINO DATA LAB INC,Medium,0.6,1,0,Watch,43.3,0,34.0
DOPPEL INC,Medium,0.6,1,0,Watch,51.7,0,10.0
DRATA INC,Medium,0.6,1,0,Watch,60.0,0,6.0
DRIFT NET INC,Medium,0.6,1,0,Watch,51.7,0,8.0
DRONE RACING LEAGUE INC,Medium,0.6,1,0,Watch,51.7,0,2.0
DROPBOX INC,Medium,0.6,1,0,Watch,59.7,0,434.0
DV01 INC,Medium,0.6,1,0,Watch,51.7,0,16.0
DVX VENTURES LLC,Medium,0.6,1,1,Watch,35.0,0,2.0
DYNE THERAPEUTICS INC,Medium,0.6,1,0,Watch,60.0,0,26.0
DYNOCARDIA INC,Medium,0.6,1,0,Watch,39.2,0,2.0
EARGO INC,Medium,0.6,1,0,Watch,55.8,0,14.0
EATINGEVOLVED LLC,Medium,0.6,1,0,Watch,39.2,0,2.0
ECHO LABORATORIES INC,Medium,0.6,1,0,Watch,47.5,0,4.0
ECLINICAL SOLUTIONS LLC,Medium,0.6,1,0,Watch,51.7,0,40.0
EDWARDS LIFESCIENCES CORP,Medium,0.6,1,0,Watch,51.4,0,306.0
EIKON THERAPEUTICS INC,Medium,0.6,1,0,Watch,60.0,0,68.0
ELECTRIC HYDROGEN CO,Medium,0.6,1,0,Watch,58.4,0,44.0
ELEKTROFI INC,Medium,0.6,1,0,Watch,55.8,0,12.0
ELEMENTL INC,Medium,0.6,1,0,Watch,51.7,0,2.0
ELEVATE SERVICES INC,Medium,0.6,1,0,Watch,47.5,0,4.0
ELION THERAPEUTICS INC,Medium,0.6,1,0,Watch,51.7,0,68.0
ELISITY INC,Medium,0.6,1,0,Watch,51.7,0,2.0
ELLIOT TECHNOLOGIES INC,Medium,0.6,1,0,Watch,51.7,0,12.0
ELLIPSE WORLD INC,Medium,0.6,1,0,Watch,51.7,0,4.0
ELROY AIR INC,High,0.9,1,0,Top,87.5,1,8.0
EMBARK VETERINARY INC,Medium,0.6,1,0,Watch,55.8,0,6.0
EMPOWER SEMICONDUCTOR INC,Medium,0.6,1,0,Watch,50.0,0,12.0
ENDOGASTRIC SOLUTIONS INC,Medium,0.6,1,0,Watch,51.7,0,2.0
ENDOTRONIX INC,Medium,0.6,1,0,Watch,51.7,0,8.0
ENFABRICA CORP,Medium,0.6,1,0,Watch,58.5,0,46.0
ENFUSION LTD LLC,Medium,0.6,1,0,Watch,45.2,0,30.0
ENOVIX CORP,Medium,0.6,1,0,Watch,51.7,0,42.0
ENSOMA INC,Medium,0.6,1,0,Watch,60.0,0,8.0
ENTRADA THERAPEUTICS INC,Medium,0.6,1,0,Watch,60.0,0,20.0
ENTRUPY INC,Medium,0.6,1,0,Watch,43.3,0,10.0
EPIBONE INC,Medium,0.6,1,0,Watch,51.7,0,2.0
EQUIP HEALTH INC,Medium,0.6,1,0,Watch,55.8,0,14.0
ERIDAN COMMUNICATIONS INC,Medium,0.6,1,0,Watch,43.3,0,10.0
ESCIENT PHARMACEUTICALS INC,Medium,0.6,1,0,Watch,54.5,0,54.0
ESSENTIAL AI LABS INC,Medium,0.6,1,0,Watch,51.7,0,4.0
ESSENTIUM INC,Medium,0.6,1,0,Watch,51.7,0,4.0
ETHIC INC,Medium,0.6,1,0,Watch,55.8,0,6.0
ETSY INC,Medium,0.6,1,0,Watch,47.2,0,224.0
EUCLID LABS INC,Medium,0.6,1,0,Watch,47.5,0,12.0
EUREKA THERAPEUTICS INC,Medium,0.6,1,0,Watch,44.2,0,6.0
EVERBRIDGE INC,Medium,0.6,1,0,Watch,47.5,0,20.0
EVERCHARGE INC,Medium,0.6,1,0,Watch,42.5,0,14.0
EVERLAW INC,Medium,0.6,1,0,Watch,60.0,0,48.0
EVERQUOTE INC,Medium,0.6,1,0,Watch,47.5,0,56.0
EVERSPRING INC,Medium,0.6,1,0,Watch,43.3,0,2.0
EVERYDAY HEALTH INC,Medium,0.6,1,0,Watch,51.7,0,4.0
EVOLUS INC,Medium,0.6,1,0,Watch,55.8,0,4.0
EXABEAM INC,Medium,0.6,1,0,Watch,50.7,0,70.0
EXAMITY INC,Medium,0.6,1,0,Watch,43.3,0,6.0
EXO IMAGING INC,Medium,0.6,1,0,Watch,55.8,0,22.0
EXTEN TECHNOLOGIES INC,Medium,0.6,1,0,Watch,37.5,0,86.0
EXTEND INC,Medium,0.6,1,0,Watch,49.8,0,38.0
EXTREME REACH INC,Medium,0.6,1,0,Watch,55.8,0,18.0
FABFITFUN INC,Medium,0.6,1,0,Watch,55.8,0,18.0
FACTOR BIOSCIENCE LLC,Medium,0.6,1,0,Watch,39.2,0,2.0
FAIRE WHOLESALE INC,Medium,0.6,1,0,Watch,60.0,0,64.0
FAIRMARKIT INC,Medium,0.6,1,0,Watch,51.7,0,2.0
FAMOUS GROUP TECHNOLOGIES INC,Medium,0.6,1,0,Watch,47.5,0,4.0
FARMER'S BUSINESS NETWORK INC,Medium,0.6,1,0,Watch,51.7,0,8.0
FASTLY INC,Medium,0.6,1,0,Watch,60.0,0,40.0
FATE THERAPEUTICS INC,Medium,0.6,1,0,Watch,55.8,0,12.0
FATHOM INC,Medium,0.6,1,0,Watch,55.8,0,12.0
FEEDMOB INC,Medium,0.6,1,0,Low Priority,8.3,0,2.0
FEMTOSENSE INC,Medium,0.6,1,0,Low Priority,34.6,0,8.0
FEVER LABS INC,Medium,0.6,1,0,Watch,55.8,0,6.0
FEVO INC,Medium,0.6,1,0,Watch,51.7,0,2.0
FIDDLER LABS INC,Medium,0.6,1,0,Watch,48.5,0,22.0
FIFTY FIVE FOUNDRY INC,Medium,0.6,1,0,Watch,55.8,0,6.0
FIGMA INC,High,0.9,1,0,Top,99.6,1,190.0
FIGO PET INSURANCE LLC,Medium,0.6,1,0,Watch,39.2,0,2.0
FINDOX INC,Medium,0.6,1,0,Watch,47.5,0,2.0
FINICAST INC,Medium,0.6,1,0,Watch,43.3,0,2.0
FINMKT INC,Medium,0.6,1,0,Watch,47.5,0,14.0
FINPEAK INC,Medium,0.6,1,0,Watch,47.5,0,4.0
FIRESIDE CHAT INC,Medium,0.6,1,0,Watch,43.3,0,2.0
FIRST HELP FINANCIAL LLC,Medium,0.6,1,0,Watch,55.8,0,30.0
FITLAB INC,Medium,0.6,1,0,Top,87.5,1,2.0
FLATIRON HEALTH INC,Medium,0.6,1,0,Watch,47.5,0,98.0
FLEX LOGIX TECHNOLOGIES INC,Medium,0.6,1,0,Watch,40.5,0,10.0
FLEXCOMPUTE INC,Medium,0.6,1,0,Watch,55.8,0,20.0
FLEXE INC,Medium,0.6,1,0,Watch,53.1,0,26.0
FLEXPORT INC,Medium,0.6,1,0,Watch,59.3,0,318.0
FLYR INC,Medium,0.6,1,0,Watch,60.0,0,24.0
FLYWIRE CORP,Medium,0.6,1,0,Watch,58.2,0,38.0
FOG PHARMACEUTICALS INC,Medium,0.6,1,0,Watch,60.0,0,12.0
FORESCOUT TECHNOLOGIES INC,Medium,0.6,1,0,Watch,55.8,0,26.0
FORETHOUGHT TECHNOLOGIES INC,Medium,0.6,1,0,Watch,47.5,0,2.0
FORGEROCK INC,Medium,0.6,1,0,Watch,55.8,0,36.0
FORM ENERGY INC,Medium,0.6,1,0,Watch,60.0,0,104.0
FORMATION DATA SYSTEMS INC,Medium,0.6,1,0,Watch,44.5,0,142.0
FORMFACTOR INC,Medium,0.6,1,0,Watch,51.1,0,126.0
FORMLABS INC,Medium,0.6,1,0,Watch,43.1,0,80.0
FORRGE INC,Medium,0.6,1,0,Watch,39.2,0,2.0
FORTANIX INC,Medium,0.6,1,0,Watch,53.6,0,32.0
FORWARD NETWORKS INC,Medium,0.6,1,0,Watch,55.8,0,30.0
FOURKITES INC,Medium,0.6,1,0,Watch,51.7,0,8.0
FOURSQUARE LABS INC,Medium,0.6,1,0,Watch,43.3,0,56.0
FOX ROBOTICS INC,Medium,0.6,1,0,Watch,51.7,0,30.0
FREENOME HOLDINGS INC,Medium,0.6,1,0,Watch,58.8,0,60.0
FREESPIRA INC,Medium,0.6,1,0,Watch,51.7,0,2.0
FREEWIRE TECHNOLOGIES INC,Medium,0.6,1,0,Watch,51.7,0,28.0
FRESHWORKS INC,Medium,0.6,1,0,Watch,60.0,0,82.0
FUELCOMM INC,High,0.9,1,0,Top,94.3,1,46.0
FULCRUM THERAPEUTICS INC,Medium,0.6,1,0,Watch,55.8,0,6.0
FUSION SURPLUS SOLUTIONS INC,Medium,0.6,1,1,Watch,35.0,0,204.0
FUTURE DIAL INC,Medium,0.6,1,0,Watch,43.3,0,4.0
FYUSION INC,Medium,0.6,1,0,Watch,51.7,0,16.0
GALY CO,Medium,0.6,1,0,Watch,51.7,0,16.0
GAMECHANGER MEDIA INC,Medium,0.6,1,0,Watch,47.5,0,18.0
GAUNTLET NETWORKS INC,Medium,0.6,1,0,Watch,51.7,0,10.0
GEMINI SPACE STATION LLC,High,0.9,1,0,Top,100.0,1,24.0
GENERATE CAPITAL INC,Medium,0.6,1,0,Watch,60.0,0,32.0
GENERATE CAPITAL PBC,Medium,0.6,1,0,Watch,60.0,0,32.0
GENESIS THERAPEUTICS INC,Medium,0.6,1,0,Watch,60.0,0,10.0
GENEVA TECHNOLOGIES INC,Medium,0.6,1,0,Watch,51.7,0,4.0
GENIES INC,Medium,0.6,1,0,Watch,55.8,0,22.0
GENNAO BIO INC,Medium,0.6,1,0,Watch,47.5,0,4.0
GENOMATICA INC,Medium,0.6,1,0,Watch,60.0,0,24.0
GEOPIPE INC,Medium,0.6,1,0,Watch,39.2,0,4.0
GHD INC,Medium,0.6,1,0,Watch,43.3,0,8.0
GHOST AUTONOMY INC,Medium,0.6,1,0,Watch,55.8,0,16.0
GINGERIO INC,Medium,0.6,1,0,Watch,55.8,0,24.0
GINKGO BIOWORKS INC,Medium,0.6,1,0,Watch,52.7,0,134.0
GITAI USA INC,Medium,0.6,1,0,Watch,55.8,0,10.0
GITHUB INC,Medium,0.6,1,0,Watch,59.2,0,88.0
GLASSDOOR INC,Medium,0.6,1,0,Watch,55.8,0,40.0
GLIA TECHNOLOGIES INC,Medium,0.6,1,0,Watch,51.7,0,30.0
GLIMPSE ENGINEERING INC,Medium,0.6,1,0,Low Priority,12.5,0,2.0
GLOWFORGE INC,Medium,0.6,1,0,Watch,51.7,0,8.0
GOFORWARD INC,Medium,0.6,1,0,Watch,51.7,0,24.0
GOOD METHODS GLOBAL INC,Medium,0.6,1,0,Watch,47.5,0,16.0
GORGIAS INC,Medium,0.6,1,0,Watch,48.7,0,24.0
GOTIT! INC,Medium,0.6,1,0,Watch,39.2,0,2.0
GP SOLUTIONS INC,Medium,0.6,1,1,Watch,35.0,0,40.0
GRAMMARLY INC,Medium,0.6,1,0,Watch,58.7,0,162.0
GRAPHEN INC,Medium,0.6,1,0,Watch,47.5,0,4.0
GRAYMATTER ROBOTICS INC,Medium,0.6,1,0,Watch,49.2,0,28.0
GREEN DOT CORP,Medium,0.6,1,0,Watch,55.8,0,92.0
GREENLIGHT BIOSCIENCES INC,Medium,0.6,1,0,Watch,60.0,0,16.0
GRETEL LABS INC,Medium,0.6,1,0,Watch,55.8,0,4.0
GRID DYNAMICS HOLDINGS INC,Medium,0.6,1,0,Watch,60.0,0,126.0
GRIDSPACE INC,Medium,0.6,1,0,Watch,40.5,0,10.0
GRIDX INC,Medium,0.6,1,0,Watch,51.7,0,14.0
GRITSTONE BIO INC,Medium,0.6,1,0,Watch,55.8,0,6.0
GRO INTELLIGENCE INC,High,0.9,1,0,Top,95.8,1,12.0
GROQ INC,Medium,0.6,1,0,Watch,55.8,0,20.0
GROVE LABS INC,Medium,0.6,1,0,Watch,39.2,0,4.0
GROWING ENERGY LABS INC,Medium,0.6,1,0,Watch,39.2,0,8.0
GRUBMARKET INC,Medium,0.6,1,0,Watch,51.7,0,28.0
GUARANTR INC,High,0.9,1,0,Top,87.5,1,60.0
GUARDANT HEALTH INC,Medium,0.6,1,0,Watch,59.7,0,216.0
GUARDION HEALTH SCIENCES INC,Medium,0.6,1,0,Watch,47.5,0,2.0
GUSTO INC,Medium,0.6,1,0,Watch,59.4,0,222.0
GYNESONICS INC,Medium,0.6,1,0,Watch,55.8,0,2.0
H1 INSIGHTS INC,Medium,0.6,1,0,Watch,55.8,0,18.0
H2 CLIPPER INC,Medium,0.6,1,0,Watch,43.3,0,2.0
HABU INC,Medium,0.6,1,0,Watch,51.7,0,6.0
HALCYON TECH INC,Medium,0.6,1,0,Watch,60.0,0,2.0
HALLIDAY INTERNATIONAL INC,Medium,0.6,1,0,Watch,51.7,0,2.0
HALO INDUSTRIES INC,Medium,0.6,1,0,Watch,55.8,0,20.0
HAPPIEST BABY INC,Medium,0.6,1,0,Watch,47.5,0,6.0
HAPPY MONEY INC,Medium,0.6,1,0,Watch,55.8,0,2.0
HARRY'S INC,Medium,0.6,1,0,Watch,57.9,0,34.0
HASHICORP INC,Medium,0.6,1,0,Watch,59.6,0,162.0
HATFIELD INC,Medium,0.6,1,0,Watch,51.7,0,4.0
HAYDEN AI TECHNOLOGIES INC,Medium,0.6,1,0,Watch,55.8,0,52.0
HAZELTREE FUND SERVICES INC,Medium,0.6,1,0,Watch,47.5,0,4.0
HEADSPACE INC,Medium,0.6,1,0,Watch,51.7,0,18.0
HEADSPIN INC,Medium,0.6,1,0,Watch,51.7,0,4.0
HEALTH-ADE LLC,Medium,0.6,1,0,Watch,47.5,0,2.0
HEALTHEDGE SOFTWARE INC,Medium,0.6,1,0,Watch,50.8,0,160.0
HEALTHIPASS INC,Medium,0.6,1,0,Watch,39.2,0,4.0
HEAP INC,Medium,0.6,1,0,Watch,51.2,0,8.0
HEARTFLOW INC,Medium,0.6,1,0,Watch,55.8,0,20.0
HELAINA INC,Medium,0.6,1,0,Watch,43.3,0,4.0
HIGHER GROUND EDUCATION INC,Medium,0.6,1,0,Watch,51.7,0,16.0
HIGHNOTE PLATFORM INC,Medium,0.6,1,0,Watch,55.8,0,48.0
HIGHRES BIOSOLUTIONS INC,Medium,0.6,1,0,Watch,43.3,0,20.0
HIGHSPOT INC,High,0.9,1,0,Top,100.0,1,94.0
HINGE HEALTH INC,Medium,0.6,1,0,Watch,60.0,0,84.0
HINGE INC,Medium,0.6,1,0,Watch,50.0,0,42.0
HIPPOML INC,Medium,0.6,1,0,Watch,43.3,0,2.0
HISTOWIZ INC,Medium,0.6,1,0,Watch,39.2,0,2.0
HIYA INC,Medium,0.6,1,0,Watch,43.3,0,16.0
HM BRADLEY INC,Medium,0.6,1,0,Top,87.5,1,2.0
HOBBS BONDED FIBERS LLC,Medium,0.6,1,0,Watch,43.3,0,4.0
HOLO INC,Medium,0.6,1,0,Watch,47.5,0,2.0
HOLY GRAIL CO,Medium,0.6,1,1,Watch,35.0,0,2.0
HOME EC INC,High,0.9,1,0,Top,79.2,1,4.0
HOPSTACK INC,Medium,0.6,1,0,Watch,43.3,0,2.0
HOULIHAN LOKEY INC,Medium,0.6,1,1,Low Priority,32.7,0,90.0
HOUSE PARTY INC,Medium,0.6,1,0,Watch,43.3,0,2.0
HOVER INC,Medium,0.6,1,0,Watch,47.5,0,8.0
HOVERSTATE 20 INC,High,0.9,1,0,Top,79.2,1,16.0
HUMAN INC,Medium,0.6,1,0,Watch,51.4,0,1394.0
HUMAN INTEREST INC,Medium,0.6,1,0,Watch,55.8,0,10.0
HYLIION INC,Medium,0.6,1,0,Watch,47.5,0,38.0
HYPER LABS INC,Medium,0.6,1,0,Watch,47.1,0,8.0
HYPERLOOP TECHNOLOGIES INC,Medium,0.6,1,0,Watch,60.0,0,12.0
HYPERTRACK INC,High,0.9,1,0,Top,91.7,1,8.0
HYPEVR,Medium,0.6,1,0,Watch,43.3,0,12.0
HYPR CORP,Medium,0.6,1,0,Watch,45.8,0,12.0
HYRECAR INC,Medium,0.6,1,0,Watch,43.3,0,4.0
ICELANDIC PROVISIONS INC,Medium,0.6,1,0,Watch,51.7,0,2.0
ICERTIS INC,Medium,0.6,1,0,Watch,55.8,0,38.0
ICON TECHNOLOGY INC,Medium,0.6,1,0,Watch,55.6,0,2216.0
IDEAYA BIOSCIENCES INC,Medium,0.6,1,0,Watch,55.8,0,18.0
IEX GROUP INC,Medium,0.6,1,0,Watch,55.8,0,14.0
IFOODDECISIONSCIENCES INC,Medium,0.6,1,0,Watch,51.7,0,4.0
IGM BIOSCIENCES INC,Medium,0.6,1,0,Watch,51.7,0,4.0
IKIGAI LABS INC,Medium,0.6,1,0,Watch,51.7,0,14.0
ILLUMIO INC,High,0.9,1,0,Top,99.1,1,156.0
IMAGEN TECHNOLOGIES INC,Medium,0.6,1,0,Watch,47.5,0,12.0
IMMERSE INC,Medium,0.6,1,0,Watch,47.5,0,8.0
IMMERSIVETOUCH INC,Medium,0.6,1,0,Watch,39.2,0,14.0
IMMUNEID INC,Medium,0.6,1,0,Watch,51.7,0,2.0
IMMUNITYBIO INC,Medium,0.6,1,0,Watch,60.0,0,20.0
IMPERATIVE CARE INC,Medium,0.6,1,0,Watch,55.8,0,26.0
IMPOSSIBLE FOODS INC,Medium,0.6,1,0,Watch,60.0,0,46.0
IMPRINT PAYMENTS INC,High,0.9,1,0,Top,87.5,1,52.0
INARI MEDICAL INC,Medium,0.6,1,0,Watch,51.7,0,28.0
INCLUDED HEALTH INC,Medium,0.6,1,0,Watch,41.9,0,48.0
INCODE TECHNOLOGIES INC,High,0.9,1,0,Top,95.8,1,28.0
INDIE TECHNOLOGIES INC,Medium,0.6,1,0,Watch,55.8,0,12.0
INDIO TECHNOLOGIES INC,Medium,0.6,1,0,Watch,51.7,0,12.0
INFINERA CORP,Medium,0.6,1,0,Watch,60.0,0,162.0
INFINITUM ELECTRIC INC,Medium,0.6,1,0,Watch,60.0,0,22.0
INFINITY STONES INC,Medium,0.6,1,0,Watch,51.7,0,6.0
INFLUENCEINK INC,Medium,0.6,1,0,Watch,39.2,0,2.0
INFLUXDATA INC,Medium,0.6,1,0,Watch,55.8,0,4.0
INFORMED INC,Medium,0.6,1,0,Watch,51.7,0,28.0
INFOWORKSIO INC,Medium,0.6,1,0,Watch,51.7,0,10.0
INFRARED5 INC,Medium,0.6,1,0,Watch,43.3,0,4.0
INHIBRX INC,Medium,0.6,1,0,Watch,60.0,0,4.0
INMARKET MEDIA LLC,High,0.9,1,0,Top,87.5,1,46.0
INNOVACCER INC,Medium,0.6,1,0,Watch,55.8,0,64.0
INOZYME PHARMA INC,Medium,0.6,1,0,Watch,55.8,0,2.0
INSIGHTFINDER INC,Medium,0.6,1,0,Watch,43.3,0,4.0
INSITRO INC,Medium,0.6,1,0,Watch,60.0,0,68.0
INSO BIOSCIENCES INC,Medium,0.6,1,0,Watch,39.2,0,4.0
INSPIRNA INC,Medium,0.6,1,0,Watch,55.8,0,14.0
INSTABASE INC,Medium,0.6,1,0,Watch,51.7,0,28.0
INSTITUTIONAL CAPITAL NETWORK INC,Medium,0.6,1,0,Watch,55.8,0,36.0
INTEGRAL AD SCIENCE INC,Medium,0.6,1,0,Watch,51.7,0,60.0
INTEGRATED NANO-TECHNOLOGIES INC,Medium,0.6,1,0,Watch,47.5,0,26.0
INTEL CORP,Medium,0.6,1,0,Watch,50.7,0,13684.0
INTELLIA THERAPEUTICS INC,Medium,0.6,1,0,Watch,54.9,0,76.0
INTELLIFLUX CONTROLS INC,Medium,0.6,1,0,Watch,43.3,0,2.0
INTELLIHOT INC,Medium,0.6,1,0,Watch,43.3,0,8.0
INTELYCARE INC,Medium,0.6,1,0,Watch,55.8,0,6.0
INTERFACE INC,Medium,0.6,1,0,Watch,39.2,0,4.0
INTERLINE THERAPEUTICS INC,Medium,0.6,1,0,Watch,55.8,0,2.0
INTERNET IDENTITY LABS INC,Medium,0.6,1,0,Watch,39.2,0,2.0
INVENTURE CAPITAL CORP,Medium,0.6,1,0,Watch,47.5,0,14.0
INVESTCLOUD INC,Medium,0.6,1,0,Watch,51.7,0,38.0
INVISIBLE TECHNOLOGIES INC,Medium,0.6,1,0,Watch,47.5,0,10.0
INVISIONAPP INC,Medium,0.6,1,0,Watch,55.8,0,2.0
INVITAE CORP,Medium,0.6,1,0,Watch,51.7,0,40.0
IONETIX CORP,Medium,0.6,1,0,Watch,51.7,0,4.0
IOTA BIOSCIENCES INC,Medium,0.6,1,0,Watch,51.7,0,48.0
IPOWER INC,Medium,0.6,1,0,Watch,43.3,0,8.0
IRHYTHM TECHNOLOGIES INC,Medium,0.6,1,0,Watch,51.7,0,68.0
IRONCLAD INC,Medium,0.6,1,0,Watch,51.7,0,94.0
ISCHEMAVIEW INC,Medium,0.6,1,0,Watch,55.8,0,24.0
ISEE INC,Medium,0.6,1,0,Watch,43.3,0,8.0
ITERABLE INC,Medium,0.6,1,0,Watch,50.0,0,42.0
ITERATIVE SCOPES INC,Medium,0.6,1,0,Watch,60.0,0,18.0
IVANTIS INC,Medium,0.6,1,0,Watch,51.7,0,74.0
JASPER AI INC,Medium,0.6,1,0,Watch,60.0,0,12.0
JAWBONE HEALTH HUB INC,Medium,0.6,1,0,Watch,55.8,0,6.0
JDCQ SOLUTIONS LLC,Medium,0.6,1,0,Watch,39.2,0,8.0
JENAVALVE TECHNOLOGY INC,Medium,0.6,1,0,Watch,60.0,0,6.0
JOUNCE THERAPEUTICS INC,Medium,0.6,1,0,Low Priority,34.2,0,4.0
JUNIPER NETWORKS INC,High,0.9,1,0,Top,79.1,1,1246.0
JUNIPER SQUARE INC,Medium,0.6,1,0,Watch,55.8,0,18.0
JUNO THERAPEUTICS INC,Medium,0.6,1,0,Watch,45.8,0,12.0
JUST INVEST SYSTEMS INC,Medium,0.6,1,0,Watch,39.2,0,2.0
JUSTWORKS INC,Medium,0.6,1,0,Watch,50.8,0,82.0
JUUL LABS INC,Medium,0.6,1,0,Watch,58.9,0,62.0
JUVO PLUS INC,Medium,0.6,1,0,Watch,47.5,0,2.0
K HEALTH INC,Medium,0.6,1,0,Watch,55.8,0,10.0
KAIROS AEROSPACE INC,Medium,0.6,1,0,Watch,43.3,0,6.0
KANDJI INC,Medium,0.6,1,0,Watch,54.2,0,12.0
KARYOPHARM THERAPEUTICS INC,Medium,0.6,1,0,Watch,60.0,0,24.0
KASKADA INC,Medium,0.6,1,0,Watch,47.5,0,4.0
KASTEN INC,Medium,0.6,1,0,Watch,43.3,0,12.0
KEEPE UP INC,Medium,0.6,1,0,Watch,47.5,0,4.0
KELI NETWORK INC,Medium,0.6,1,0,Watch,47.5,0,4.0
KELONIA THERAPEUTICS INC,Medium,0.6,1,0,Watch,51.5,0,16.0
KENSHO TECHNOLOGIES INC,Medium,0.6,1,0,Watch,55.8,0,40.0
KERA THERAPEUTICS INC,Medium,0.6,1,0,Watch,39.2,0,20.0
KEROS THERAPEUTICS INC,Medium,0.6,1,0,Watch,55.8,0,8.0
KETOS INC,Medium,0.6,1,0,Watch,47.5,0,18.0
KIKOFF INC,Medium,0.6,1,0,Watch,51.7,0,46.0
KINETIC AUTOMATION INC,Medium,0.6,1,0,Watch,51.7,0,16.0
KINETIC TECHNOLOGIES,Medium,0.6,1,1,Watch,35.0,0,4.0
KITE PHARMA INC,Medium,0.6,1,0,Watch,55.5,0,188.0
KIZEN TECHNOLOGIES INC,High,0.9,1,0,Top,91.3,1,190.0
KLARITY INTELLIGENCE INC,Medium,0.6,1,0,Watch,51.7,0,10.0
KLAVIYO INC,Medium,0.6,1,0,Watch,54.9,0,158.0
KLEARNOW CORP,Medium,0.6,1,0,Watch,55.8,0,10.0
KNERON INC,Medium,0.6,1,0,Watch,51.7,0,18.0
KNIGHTSCOPE INC,Medium,0.6,1,0,Watch,47.5,0,2.0
KOGNITOS INC,Medium,0.6,1,0,Watch,51.7,0,16.0
KOJIN THERAPEUTICS INC,Medium,0.6,1,0,Watch,51.7,0,4.0
KOKOMO SOLUTIONS INC,Medium,0.6,1,0,Watch,43.3,0,6.0
KONEKSA HEALTH INC,Medium,0.6,1,0,Watch,47.5,0,4.0
KONG INC,High,0.9,1,0,Top,91.9,1,18.0
KRIYA THERAPEUTICS INC,Medium,0.6,1,0,Watch,42.5,0,4.0
KUMQUAT BIOSCIENCES INC,Medium,0.6,1,0,Watch,51.7,0,8.0
KYTE SYSTEMS INC,Medium,0.6,1,0,Watch,47.5,0,8.0
LABCONNECT HOLDINGS INC,Medium,0.6,1,0,Watch,51.7,0,2.0
LACEWORK INC,Medium,0.6,1,0,Watch,60.0,0,112.0
LAMBDA INC,Medium,0.6,1,0,Watch,51.7,0,34.0
LAMDA INC,Medium,0.6,1,0,Watch,43.4,0,34.0
LAYR LABS INC,Medium,0.6,1,0,Watch,55.8,0,4.0
LEADING EDGE POWER SOLUTIONS LLC,Medium,0.6,1,0,Watch,36.2,0,24.0
LEANTAAS INC,Medium,0.6,1,0,Watch,46.6,0,74.0
LEAP THERAPEUTICS INC,Medium,0.6,1,0,Watch,55.8,0,6.0
LEARNING MACHINE TECHNOLOGIES INC,Medium,0.6,1,0,Watch,39.4,0,18.0
LENDBUZZ INC,Medium,0.6,1,0,Watch,55.8,0,60.0
LENDKEY TECHNOLOGIES INC,Medium,0.6,1,0,Watch,43.3,0,4.0
LEVEL HEALTH INC,Medium,0.6,1,0,Watch,43.3,0,4.0
LEVELS HEALTH INC,Medium,0.6,1,0,Watch,47.5,0,4.0
LEVELTEN ENERGY INC,Medium,0.6,1,0,Watch,55.8,0,2.0
LEVITASBIO INC,Medium,0.6,1,0,Watch,47.5,0,8.0
LEXICON PHARMACEUTICALS INC,Medium,0.6,1,0,Watch,55.6,0,256.0
LEXINGTON MEDICAL INC,Medium,0.6,1,0,Watch,51.7,0,4.0
LIFE360 INC,Medium,0.6,1,0,Watch,51.7,0,102.0
LILAC SOLUTIONS INC,Medium,0.6,1,0,Watch,55.0,0,14.0
LILT INC,Medium,0.6,1,0,Watch,47.1,0,8.0
LIMINAL INSIGHTS INC,Medium,0.6,1,0,Watch,47.5,0,4.0
LINKEDIN CORP,Medium,0.6,1,0,Watch,59.8,0,4990.0
LINUS BIOTECHNOLOGY INC,Medium,0.6,1,0,Watch,51.7,0,2.0
LIQUIDX INC,Medium,0.6,1,0,Watch,43.3,0,6.0
LITHIOS INC,Medium,0.6,1,0,Watch,47.5,0,8.0
LIVEINTENT INC,Medium,0.6,1,0,Watch,44.8,0,26.0
LOANDEPOTCOM LLC,Medium,0.6,1,0,Watch,55.8,0,62.0
LOCUS ROBOTICS CORP,Medium,0.6,1,0,Watch,60.0,0,8.0
LOFT ORBITAL SOLUTIONS INC,Medium,0.6,1,0,Watch,60.0,0,8.0
LOGICMONITOR INC,Medium,0.6,1,0,Watch,43.3,0,8.0
LOGIKIO INC,Medium,0.6,1,0,Watch,51.7,0,26.0
LOGIWA TECHNOLOGY INC,Medium,0.6,1,0,Watch,51.7,0,2.0
LOOKING GLASS PRODUCTIONS LLC,Medium,0.6,1,0,Watch,39.2,0,22.0
LOOKOUT INC,Medium,0.6,1,0,Watch,51.7,0,38.0
LOOM INC,Medium,0.6,1,0,Watch,60.0,0,16.0
LOOP MEDIA INC,Medium,0.6,1,0,Watch,43.3,0,6.0
LOOP NOW TECHNOLOGIES INC,Medium,0.6,1,0,Watch,47.5,0,26.0
LOOPIE INC,Medium,0.6,1,0,Top,79.2,1,2.0
LOREM TECHNOLOGIES INC,Medium,0.6,1,0,Watch,43.3,0,8.0
LTSE SERVICES INC,Medium,0.6,1,0,Watch,55.8,0,2.0
LUA TECHNOLOGIES INC,Medium,0.6,1,0,Watch,39.2,0,16.0
LUCID SIGHT INC,Medium,0.6,1,0,Watch,43.3,0,2.0
LUCIDWORKS INC,Medium,0.6,1,0,Watch,51.7,0,10.0
LUMEN ENERGY INC,Medium,0.6,1,0,Watch,43.3,0,2.0
LYCIA THERAPEUTICS INC,Medium,0.6,1,0,Watch,60.0,0,4.0
LYELL IMMUNOPHARMA INC,Medium,0.6,1,0,Watch,60.0,0,8.0
LYGOS INC,Medium,0.6,1,0,Watch,47.5,0,2.0
LYNDRA THERAPEUTICS INC,Medium,0.6,1,0,Watch,42.5,0,4.0
LYRA HEALTH INC,Medium,0.6,1,0,Watch,60.0,0,24.0
LYRA THERAPEUTICS INC,Medium,0.6,1,0,Watch,38.3,0,4.0
MADKUDU INC,Medium,0.6,1,0,Watch,51.7,0,6.0
MAESTRO FOOD CO,Medium,0.6,1,0,Watch,39.2,0,8.0
MAGE TECHNOLOGIES INC,Medium,0.6,1,0,Watch,47.5,0,12.0
MAGICAL TOME INC,Medium,0.6,1,0,Watch,55.8,0,14.0
MAGLEV AERO INC,Medium,0.6,1,0,Watch,43.3,0,4.0
MAIA BIOTECHNOLOGY INC,Medium,0.6,1,0,Watch,39.2,0,12.0
MAIN TECHNOLOGIES INC,Medium,0.6,1,1,Watch,35.0,0,6.0
MAINSPRING ENERGY INC,Medium,0.6,1,0,Watch,60.0,0,100.0
MAINTAINX INC,Medium,0.6,1,0,Watch,60.0,0,8.0
MAMMOTH BIOSCIENCES INC,Medium,0.6,1,0,Watch,47.5,0,20.0
MANGO TECHNOLOGIES INC,Medium,0.6,1,0,Watch,60.0,0,38.0
MANIFOLD BIOTECHNOLOGIES INC,Medium,0.6,1,0,Watch,51.7,0,2.0
MANTICORE GAMES INC,Medium,0.6,1,0,Watch,60.0,0,10.0
MAPLEBEAR INC,Medium,0.6,1,0,Watch,59.7,0,502.0
MARATHON CAPITAL LLC,Medium,0.6,1,0,Watch,51.7,0,26.0
MARIN SOFTWARE INC,Medium,0.6,1,0,Watch,51.7,0,20.0
MARKER THERAPEUTICS INC,Medium,0.6,1,0,Watch,51.7,0,4.0
MARKLOGIC CORP,Medium,0.6,1,0,Watch,60.0,0,24.0
MARLINSPIKE THERAPEUTICS INC,Medium,0.6,1,0,Watch,43.3,0,2.0
MARPIPE INC,High,0.9,1,0,Top,87.5,1,4.0
MATCHPOINT THERAPEUTICS INC,Medium,0.6,1,0,Watch,55.8,0,2.0
MATI THERAPEUTICS INC,Medium,0.6,1,0,Watch,43.3,0,28.0
MATONEE INC,Medium,0.6,1,0,Watch,60.0,0,38.0
MAVEN CLINIC CO,Medium,0.6,1,0,Watch,47.5,0,32.0
MAVEN TECHNOLOGIES INC,Medium,0.6,1,0,Watch,47.5,0,68.0
MAYK INC,Medium,0.6,1,0,Watch,43.3,0,2.0
MEASURABL INC,Medium,0.6,1,0,Low Priority,12.5,0,2.0
MEDABLE INC,Medium,0.6,1,0,Watch,60.0,0,2.0
MEDALLIA INC,Medium,0.6,1,0,Watch,46.9,0,118.0
MEDIAMATH INC,Medium,0.6,1,0,Watch,55.8,0,12.0
MEETCAREGIVERS INC,Medium,0.6,1,0,Watch,43.3,0,2.0
MEMBRION INC,Medium,0.6,1,0,Watch,47.5,0,6.0
MENDEL HEALTH INC,Medium,0.6,1,0,Watch,55.8,0,22.0
MERCURY TECHNOLOGIES INC,High,0.9,1,0,Top,100.0,1,40.0
MERIDIAN BIOTECH LLC,Medium,0.6,1,1,Watch,35.0,0,2.0
METADATA INC,Medium,0.6,1,0,Watch,43.3,0,2.0
METER INC,Medium,0.6,1,0,Watch,55.8,0,16.0
METRICSTREAM INC,Medium,0.6,1,0,Watch,51.7,0,26.0
MFOUR MOBILE RESEARCH INC,Medium,0.6,1,0,Watch,35.8,0,12.0
MICROSOFT CORP,Medium,0.6,1,0,Watch,58.8,0,12654.0
MICROVISION INC,Medium,0.6,1,0,Watch,39.4,0,18.0
MILIKA INC,Medium,0.6,1,0,Watch,47.5,0,2.0
MIMOSA NETWORKS INC,Medium,0.6,1,0,Watch,51.7,0,16.0
MINDBODY INC,Medium,0.6,1,0,Watch,37.8,0,52.0
MINITABLE TECH HOLDING INC,Medium,0.6,1,0,Watch,39.2,0,4.0
MIRANTIS INC,Medium,0.6,1,0,Watch,55.8,0,12.0
MIROCULUS INC,Medium,0.6,1,0,Watch,51.7,0,4.0
MIRUM PHARMACEUTICALS INC,Medium,0.6,1,0,Watch,47.5,0,8.0
MISO ROBOTICS INC,Medium,0.6,1,0,Watch,39.2,0,2.0
MISSION BIO INC,Medium,0.6,1,0,Watch,51.7,0,8.0
MIXHALO CORP,Medium,0.6,1,0,Watch,47.5,0,2.0
MNEMONIC INC,Medium,0.6,1,0,Watch,47.5,0,2.0
MOBI SYSTEMS INC,Medium,0.6,1,0,Watch,51.7,0,4.0
MOBILIO LLC,Medium,0.6,1,0,Low Priority,4.2,0,2.0
MOBIQUITY INC,Medium,0.6,1,0,Watch,51.7,0,32.0
MODE ANALYTICS INC,Medium,0.6,1,0,Watch,51.7,0,2.0
MODERN CLINICS INC,Medium,0.6,1,0,Watch,51.7,0,10.0
MODERN LIFE INC,Medium,0.6,1,0,Watch,47.5,0,6.0
MODERN MEADOW INC,Medium,0.6,1,0,Watch,51.7,0,6.0
MODO LABS INC,High,0.9,1,0,Top,83.3,1,4.0
MODULAR INC,Medium,0.6,1,0,Watch,43.3,0,34.0
MOEMENT INC,Medium,0.6,1,0,Watch,47.5,0,6.0
MOLECULA CORP,Medium,0.6,1,0,Watch,47.5,0,2.0
MOLECULAR LOOP BIOSCIENCES INC,Medium,0.6,1,0,Watch,39.2,0,2.0
MOLINA HEALTHCARE INC,Medium,0.6,1,0,Watch,42.8,0,250.0
MOLOCO INC,Medium,0.6,1,0,Watch,59.7,0,202.0
MONA LEE INC,Medium,0.6,1,0,Watch,39.2,0,2.0
MONAD INC,Medium,0.6,1,0,Watch,39.2,0,2.0
MONETAGO INC,Medium,0.6,1,0,Watch,43.3,0,2.0
MONGODB INC,Medium,0.6,1,0,Watch,55.5,0,466.0
MONTROSE ENVIRONMENTAL GROUP INC,Medium,0.6,1,0,Watch,51.7,0,10.0
MOOV TECHNOLOGIES INC,Medium,0.6,1,0,Watch,39.2,0,4.0
MORE HEALTH INC,Medium,0.6,1,0,Watch,43.3,0,14.0
MOSAIC ML INC,Medium,0.6,1,0,Watch,51.7,0,8.0
MOTIVE TECHNOLOGIES INC,Medium,0.6,1,0,Watch,60.0,0,2.0
MOTIVEMETRICS INC,Medium,0.6,1,0,Watch,47.5,0,2.0
MOTORQ INC,Medium,0.6,1,0,Watch,39.2,0,8.0
MOXION POWER CO,Medium,0.6,1,0,Watch,47.5,0,42.0
MOXTRA INC,High,0.9,1,0,Top,87.5,1,4.0
MPARTICLE INC,Medium,0.6,1,0,Watch,47.5,0,16.0
MULBERRY TECHNOLOGY INC,Medium,0.6,1,0,Watch,47.5,0,2.0
MULLEN AUTOMOTIVE INC,Medium,0.6,1,0,Watch,47.5,0,8.0
MULLEN TECHNOLOGIES INC,Medium,0.6,1,0,Watch,39.2,0,16.0
MULLIGAN FUNDING LLC,Medium,0.6,1,0,Watch,47.5,0,4.0
MULTIPLIER INC,Medium,0.6,1,0,Watch,51.7,0,2.0
MULTIPLY LABS INC,Medium,0.6,1,0,Watch,47.5,0,6.0
MURSION INC,Medium,0.6,1,0,Watch,47.5,0,8.0
MUTINY HQ CORP,Medium,0.6,1,0,Watch,55.8,0,2.0
MUTUAL TRADING CO INC,Medium,0.6,1,0,Watch,47.5,0,2.0
MYCOWORKS INC,Medium,0.6,1,0,Watch,51.7,0,8.0
MYND MANAGEMENT INC,Medium,0.6,1,0,Watch,55.8,0,2.0
MYTHIC THERAPEUTICS INC,Medium,0.6,1,0,Watch,51.7,0,4.0
MYTIDE THERAPEUTICS INC,Medium,0.6,1,0,Watch,39.2,0,2.0
NANOCELLECT BIOMEDICAL INC,Medium,0.6,1,0,Watch,51.7,0,4.0
NANTHEALTH INC,Medium,0.6,1,0,Watch,60.0,0,26.0
NARVAR INC,Medium,0.6,1,0,Watch,49.8,0,38.0
NATRON ENERGY INC,Medium,0.6,1,0,Watch,60.0,0,40.0
NATURAL FIBER WELDING INC,Medium,0.6,1,0,Watch,51.7,0,24.0
NAUTILUS LABS INC,Medium,0.6,1,0,Watch,47.5,0,2.0
NAUTO INC,Medium,0.6,1,0,Watch,47.5,0,22.0
NAV TECHNOLOGIES INC,Medium,0.6,1,0,Watch,47.5,0,8.0
NAVITAS SEMICONDUCTOR INC,Medium,0.6,1,0,Watch,47.5,0,16.0
NEIGHBORFAVOR INC,Medium,0.6,1,0,Watch,47.5,0,2.0
NEKTAR THERAPEUTICS,Medium,0.6,1,0,Watch,45.8,0,12.0
NEO4J INC,Medium,0.6,1,0,Watch,60.0,0,20.0
NEOGENE THERAPEUTICS INC,Medium,0.6,1,0,Watch,60.0,0,6.0
NERDWALLET INC,Medium,0.6,1,0,Watch,55.1,0,90.0
NETBASE SOLUTIONS INC,High,0.9,1,0,Top,91.7,1,6.0
NETBRAIN TECHNOLOGIES INC,Medium,0.6,1,0,Watch,48.2,0,40.0
NETLIFY INC,Medium,0.6,1,0,Watch,55.8,0,2.0
NETRADYNE INC,Medium,0.6,1,0,Watch,60.0,0,2.0
NEURALA INC,Medium,0.6,1,0,Watch,43.3,0,2.0
NEURALINK CORP,Medium,0.6,1,0,Watch,60.0,0,36.0
NEURO42 INC,Medium,0.6,1,0,Watch,51.7,0,14.0
NEURON7AI INC,Medium,0.6,1,0,Watch,55.8,0,2.0
NEUSPERA MEDICAL INC,Medium,0.6,1,0,Watch,55.8,0,2.0
NEUTRON HOLDINGS INC,Medium,0.6,1,0,Watch,58.5,0,96.0
NEW RELIC INC,Medium,0.6,1,0,Watch,47.5,0,52.0
NEWLIGHT TECHNOLOGIES INC,Medium,0.6,1,0,Watch,60.0,0,2.0
NEWLIGHT TECHNOLOGIES LLC,Medium,0.6,1,0,Watch,51.7,0,2.0
NEWSELA INC,Medium,0.6,1,0,Watch,47.5,0,4.0
NEWSGUARD TECHNOLOGIES INC,Medium,0.6,1,0,Watch,47.5,0,2.0
NEWSTORE INC,Medium,0.6,1,0,Watch,55.8,0,12.0
NEWTONX INC,Medium,0.6,1,0,Watch,51.7,0,10.0
NEXA AI INC,Medium,0.6,1,0,Watch,47.5,0,6.0
NEXA3D INC,Medium,0.6,1,0,Watch,55.8,0,2.0
NEXAMP INC,Medium,0.6,1,0,Watch,55.0,0,14.0
NEXTDISH CORP,Medium,0.6,1,0,Watch,43.3,0,2.0
NEXTDOOR INC,Medium,0.6,1,0,Watch,58.8,0,230.0
NEXTDROID INC,Medium,0.6,1,0,Watch,43.3,0,2.0
NEXTUPLE INC,Medium,0.6,1,0,Watch,39.2,0,18.0
NEYE SYSTEMS INC,Medium,0.6,1,0,Watch,55.8,0,4.0
NFERENCE INC,Medium,0.6,1,0,Watch,39.0,0,16.0
NGM BIOPHARMACEUTICALS INC,Medium,0.6,1,0,Watch,60.0,0,16.0
NIANTIC INC,Medium,0.6,1,0,Watch,59.6,0,176.0
NICHE PROTOCOL INC,Medium,0.6,1,0,Watch,43.3,0,2.0
NIFT NETWORKS INC,Medium,0.6,1,0,Watch,51.7,0,4.0
NIMBLE RX INC,Medium,0.6,1,0,Watch,47.5,0,14.0
NIRON MAGNETICS INC,Medium,0.6,1,0,Watch,47.5,0,4.0
NITRICITY INC,Medium,0.6,1,0,Watch,55.8,0,4.0
NIVAGEN PHARMACEUTICALS INC,Medium,0.6,1,0,Watch,47.5,0,72.0
NOBELL FOODS INC,Medium,0.6,1,0,Watch,55.8,0,2.0
NODAR INC,Medium,0.6,1,0,Watch,47.5,0,2.0
NOHO HEALTH INC,Medium,0.6,1,0,Watch,55.8,0,2.0
NOOM INC,Medium,0.6,1,0,Watch,51.7,0,32.0
NOSOTROS LIFE & SPIRITS INC,Medium,0.6,1,0,Watch,47.5,0,2.0
NOTABENE INC,Medium,0.6,1,0,Watch,47.5,0,2.0
NOTARIZE INC,Medium,0.6,1,0,Watch,51.7,0,4.0
NOTION LABS INC,Medium,0.6,1,0,Watch,59.3,0,100.0
NOVO PLATFORM INC,Medium,0.6,1,0,Watch,47.5,0,8.0
NTOPOLOGY INC,Medium,0.6,1,0,Watch,55.8,0,2.0
NUANCE COMMUNICATIONS INC,Medium,0.6,1,0,Watch,53.6,0,64.0
NUMAT TECHNOLOGIES INC,Medium,0.6,1,0,Watch,47.5,0,10.0
NUMERADE LABS INC,Medium,0.6,1,0,Watch,51.7,0,6.0
NURIX THERAPEUTICS INC,Medium,0.6,1,0,Watch,58.4,0,44.0
NUTANIX INC,Medium,0.6,1,0,Watch,51.1,0,1138.0
NUVATION BIO INC,Medium,0.6,1,0,Watch,60.0,0,6.0
NUVVE HOLDING CORP,Medium,0.6,1,0,Watch,43.3,0,6.0
NYLAS INC,Medium,0.6,1,0,Watch,60.0,0,10.0
O POSITIV INC,Medium,0.6,1,0,Watch,39.2,0,8.0
O9 SOLUTIONS INC,Medium,0.6,1,0,Watch,59.6,0,324.0
OASYS TECHNOLOGIES INC,Medium,0.6,1,0,Watch,39.2,0,32.0
OBSERVE INC,Medium,0.6,1,0,Watch,60.0,0,20.0
OBSESS INC,Medium,0.6,1,0,Watch,47.5,0,6.0
OBSIDIAN THERAPEUTICS INC,Medium,0.6,1,0,Watch,51.7,0,8.0
OCIENT INC,Medium,0.6,1,0,Watch,51.7,0,14.0
OCKAM INC,Medium,0.6,1,0,Low Priority,30.0,0,4.0
OCROLUS INC,Medium,0.6,1,0,Watch,47.5,0,8.0
OCTAGOS HEALTH INC,Medium,0.6,1,0,Watch,51.7,0,26.0
OCTAVO SYSTEMS LLC,Medium,0.6,1,0,Watch,39.2,0,8.0
OCULAR THERAPEUTIX INC,Medium,0.6,1,0,Watch,51.7,0,20.0
ODK MEDIA INC,High,0.9,1,0,Top,74.2,1,14.0
OFFERUP INC,Medium,0.6,1,0,Watch,60.0,0,18.0
OGNOMY INC,Medium,0.6,1,0,Watch,39.2,0,2.0
OMADA HEALTH INC,Medium,0.6,1,0,Watch,55.8,0,20.0
ONE CONCERN INC,Medium,0.6,1,0,Watch,51.7,0,10.0
ONENAV INC,Medium,0.6,1,0,Watch,51.7,0,2.0
ONESOURCE VIRTUAL INC,Medium,0.6,1,0,Watch,60.0,0,42.0
ONEVISION RESOURCES INC,Medium,0.6,1,0,Watch,43.3,0,14.0
ONIT INC,Medium,0.6,1,0,Watch,43.3,0,6.0
ONRAMP FUNDS INC,Medium,0.6,1,0,Watch,43.3,0,2.0
ONSITEIQ INC,Medium,0.6,1,0,Watch,47.5,0,2.0
OOMA INC,Medium,0.6,1,0,Watch,47.5,0,44.0
OPEN ROAD INTEGRATED MEDIA INC,Medium,0.6,1,0,Watch,43.3,0,14.0
OPENGOV INC,Medium,0.6,1,0,Watch,51.7,0,62.0
OPSERA INC,Medium,0.6,1,0,Watch,42.9,0,8.0
ORBEE INC,Medium,0.6,1,0,Top,87.5,1,2.0
ORBY AI INC,Medium,0.6,1,0,Watch,43.3,0,18.0
ORDERFUL INC,Medium,0.6,1,0,Watch,43.3,0,2.0
OSSIA INC,Medium,0.6,1,0,Watch,47.5,0,14.0
OUSTER INC,Medium,0.6,1,0,Watch,50.5,0,58.0
OUTREACH CORP,Medium,0.6,1,0,Watch,60.0,0,48.0
OUTSET MEDICAL INC,Medium,0.6,1,0,Watch,41.8,0,46.0
OVERHAUL GROUP INC,Medium,0.6,1,0,Watch,60.0,0,4.0
OVERJET INC,Medium,0.6,1,0,Watch,54.4,0,50.0
OXEFIT INC,Medium,0.6,1,0,Watch,43.3,0,10.0
OZETTE TECHNOLOGIES INC,High,0.9,1,0,Top,87.5,1,4.0
PACGENOMICS,Medium,0.6,1,0,Watch,43.3,0,2.0
PACIFIC BIOSCIENCES OF CALIFORNIA INC,Medium,0.6,1,0,Watch,55.8,0,32.0
PACIFIC LIFE INSURANCE CO,Medium,0.6,1,0,Watch,60.0,0,70.0
PAGE SOUTHERLAND PAGE INC,High,0.9,1,0,Top,77.8,1,38.0
PAGER INC,Medium,0.6,1,0,Watch,51.7,0,10.0
PAIGEAI INC,Medium,0.6,1,0,Watch,51.7,0,18.0
PALADIN TECHNOLOGIES INC,Medium,0.6,1,0,Watch,39.2,0,2.0
PALANTIR TECHNOLOGIES INC,High,0.9,1,0,Top,99.7,1,466.0
PALLEON PHARMACEUTICALS INC,Medium,0.6,1,0,Watch,60.0,0,4.0
PALLET LABS INC,Medium,0.6,1,0,Watch,43.3,0,2.0
PANASAS INC,Medium,0.6,1,0,Watch,43.3,0,4.0
PANTHEON SYSTEMS INC,Medium,0.6,1,0,Watch,55.8,0,20.0
PARADIGM CONNECT INC,Medium,0.6,1,0,Watch,43.3,0,6.0
PARADROMICS INC,Medium,0.6,1,0,Watch,55.8,0,8.0
PARAMOUNT DATA MANAGEMENT INC,Medium,0.6,1,0,Watch,43.3,0,2.0
PARTICLE INC,Medium,0.6,1,0,Watch,39.2,0,16.0
PARTICLE MEDIA INC,High,0.9,1,0,Top,100.0,1,32.0
PATHAI INC,Medium,0.6,1,0,Watch,55.0,0,80.0
PATHRAI INC,Medium,0.6,1,0,Watch,38.3,0,80.0
PATIENTFI LLC,Medium,0.6,1,0,Watch,51.7,0,4.0
PATREON INC,High,0.9,1,0,Top,87.5,1,78.0
PAYJOY INC,Medium,0.6,1,0,Watch,45.0,0,28.0
PAYNEARME INC,Medium,0.6,1,0,Watch,55.8,0,6.0
PAYWARD INC,Medium,0.6,1,0,Watch,47.5,0,20.0
PAYZEN INC,Medium,0.6,1,0,Watch,51.7,0,4.0
PEGASYSTEMS INC,Medium,0.6,1,0,Watch,38.8,0,182.0
PELOTON INTERACTIVE INC,Medium,0.6,1,0,Watch,55.0,0,318.0
PELOTON INTERACTIVE LLC,Medium,0.6,1,0,Watch,42.5,0,318.0
PENUMBRA INC,Medium,0.6,1,1,Watch,35.0,0,154.0
PEOPLE CENTER INC,High,0.9,1,0,Top,99.1,1,240.0
PERFECT DAY INC,Medium,0.6,1,0,Watch,44.2,0,6.0
PERSIVIA INC,Medium,0.6,1,0,Watch,39.2,0,14.0
PERSONALIS INC,Medium,0.6,1,0,Watch,47.5,0,22.0
PERSONALIZED BEAUTY DISCOVERY INC,Medium,0.6,1,0,Watch,60.0,0,24.0
PETABYTE TECHNOLOGY INC,Medium,0.6,1,0,Watch,47.5,0,12.0
PETAL CARD INC,Medium,0.6,1,0,Watch,39.2,0,10.0
PETDX INC,Medium,0.6,1,0,Watch,55.8,0,6.0
PHANTOM AUTO INC,Medium,0.6,1,0,Watch,51.7,0,2.0
PHANTOM TECHNOLOGIES INC,Medium,0.6,1,0,Watch,47.5,0,14.0
PHIL INC,Medium,0.6,1,0,Watch,47.5,0,28.0
PHREESIA INC,Medium,0.6,1,0,Watch,51.7,0,28.0
PINECONE SYSTEMS INC,Medium,0.6,1,0,Watch,55.8,0,22.0
PINTEON THERAPEUTICS INC,Medium,0.6,1,0,Watch,51.7,0,6.0
PINTEREST INC,Medium,0.6,1,0,Watch,59.6,0,1380.0
PIONEAR TECHNOLOGIES INC,Medium,0.6,1,0,Watch,39.2,0,10.0
PITCHBOOK DATA INC,High,0.9,1,0,Top,87.5,1,30.0
PIVOT BIO INC,Medium,0.6,1,0,Watch,60.0,0,10.0
PIVOTAL COMMWARE INC,Medium,0.6,1,0,Watch,55.8,0,6.0
PIVOTAL SOFTWARE INC,Medium,0.6,1,0,Watch,60.0,0,26.0
PIXELAND TECHNOLOGIES INC,Medium,0.6,1,0,Watch,43.3,0,4.0
PIXELOGIC MEDIA PARTNERS LLC,Medium,0.6,1,0,Watch,51.7,0,4.0
PIXELWORKS INC,Medium,0.6,1,0,Watch,47.5,0,4.0
PJT PARTNERS HOLDINGS LP,Medium,0.6,1,0,Watch,60.0,0,100.0
PLANTIBLE FOODS INC,Medium,0.6,1,0,Watch,51.7,0,4.0
PLASTIQ INC,Medium,0.6,1,0,Watch,43.3,0,4.0
PLATFORM SCIENCE INC,Medium,0.6,1,0,Watch,42.1,0,26.0
PLEXIUM INC,Medium,0.6,1,0,Watch,55.8,0,2.0
PLIANT THERAPEUTICS INC,Medium,0.6,1,0,Watch,60.0,0,2.0
PLUME DESIGN INC,Medium,0.6,1,0,Watch,55.8,0,64.0
PLUS ONE ROBOTICS INC,Medium,0.6,1,0,Watch,51.7,0,10.0
PODIMETRICS INC,Medium,0.6,1,0,Watch,55.8,0,6.0
POINT DIGITAL FINANCE INC,Medium,0.6,1,0,Watch,60.0,0,6.0
POLYOPS INC,Medium,0.6,1,0,Watch,43.3,0,2.0
POLYSIGN INC,Medium,0.6,1,0,Watch,55.8,0,8.0
PORCHCOM INC,Medium,0.6,1,0,Watch,51.7,0,2.0
POSEIDA THERAPEUTICS INC,Medium,0.6,1,0,Watch,51.7,0,34.0
POSITIONING UNIVERSAL HOLDINGS INC,Medium,0.6,1,0,Watch,39.2,0,6.0
POSSIBLE FINANCIAL INC,Medium,0.6,1,0,Watch,47.5,0,14.0
POWER LIFE SCIENCES INC,Medium,0.6,1,0,Watch,47.5,0,16.0
POWERML INC,Medium,0.6,1,0,Watch,51.7,0,4.0
PRAGMA INC (DE),Medium,0.6,1,0,Watch,39.0,0,16.0
PRAXIS LABS INC,Medium,0.6,1,0,Watch,51.7,0,4.0
PRECISION NEUROSCIENCE CORP,Medium,0.6,1,0,Watch,55.8,0,10.0
PRELLIS BIOLOGICS INC,Medium,0.6,1,0,Watch,51.7,0,2.0
PRESTO AUTOMATION INC,Medium,0.6,1,0,Watch,47.5,0,2.0
PRIME ARTIFICIAL INTELLIGENCE INC,Medium,0.6,1,0,Low Priority,15.8,0,6.0
PRIME CONSULTING GROUP LLC,Medium,0.6,1,0,Watch,46.0,0,48.0
PRINGLE ROBOTICS INC,Medium,0.6,1,1,Watch,35.0,0,4.0
PRM SOLUTIONS INC,Medium,0.6,1,0,Watch,51.7,0,2.0
PROBABLYMONSTERS INC,Medium,0.6,1,0,Watch,55.8,0,2.0
PROBIOTIC LABS INC,Medium,0.6,1,0,Top,79.2,1,2.0
PROCEPT BIOROBOTICS CORP,Medium,0.6,1,0,Watch,55.8,0,102.0
PROCORE TECHNOLOGIES INC,Medium,0.6,1,0,Watch,55.8,0,190.0
PRODEGE LLC,Medium,0.6,1,0,Watch,55.8,0,8.0
PROMAXO INC,Medium,0.6,1,0,Watch,55.8,0,18.0
PROSPER MARKETPLACE INC,Medium,0.6,1,0,Watch,59.6,0,186.0
PROTECT AI INC,Medium,0.6,1,0,Watch,55.8,0,16.0
PROVE IDENTITY INC,Medium,0.6,1,0,Watch,55.8,0,24.0
PROVIVI INC,Medium,0.6,1,0,Watch,55.8,0,2.0
PSIQUANTUM CORP,Medium,0.6,1,0,Watch,51.7,0,26.0
PUBMARK INC,Medium,0.6,1,0,Watch,43.3,0,4.0
PURE STORAGE INC,Medium,0.6,1,0,Watch,55.6,0,828.0
PUZZL GROUP INC,Medium,0.6,1,0,Watch,47.5,0,2.0
Q BIO INC,Medium,0.6,1,0,Watch,51.7,0,6.0
QUANTERIX CORP,Medium,0.6,1,0,Watch,47.5,0,16.0
QUANTIPHI INC,Medium,0.6,1,0,Watch,46.0,0,282.0
QUANTUMID TECHNOLOGIES INC,Medium,0.6,1,0,Watch,43.3,0,32.0
QUANTYZD INC,Medium,0.6,1,0,Watch,47.5,0,4.0
QUARTET HEALTH INC,Medium,0.6,1,0,Watch,55.8,0,2.0
QUATIVA INC,Medium,0.6,1,0,Watch,47.5,0,2.0
QUICKET SOLUTIONS INC,Medium,0.6,1,0,Watch,47.5,0,6.0
QUICKLY INC,Medium,0.6,1,0,Watch,47.5,0,6.0
QUINTESSENT INC,Medium,0.6,1,0,Watch,47.5,0,2.0
QUIZLET INC,Medium,0.6,1,0,Watch,47.5,0,50.0
QUNNECT INC,Medium,0.6,1,0,Watch,43.3,0,8.0
QUOTIENT TECHNOLOGY INC,Medium,0.6,1,0,Watch,47.5,0,20.0
RABBITHOLE STUDIOS INC,Medium,0.6,1,0,Watch,43.3,0,2.0
RADICAL INC,Medium,0.6,1,0,Watch,41.1,0,94.0
RAIN NEUROMORPHICS INC,Medium,0.6,1,0,Watch,51.7,0,14.0
RAISE COMMERCIAL REAL ESTATE INC,Medium,0.6,1,0,Watch,43.3,0,4.0
RAISE ROBOTICS INC,Medium,0.6,1,0,Watch,47.5,0,2.0
RAKUTEN MEDICAL INC,Medium,0.6,1,0,Watch,39.2,0,4.0
RANI THERAPEUTICS LLC,Medium,0.6,1,0,Watch,55.8,0,24.0
RATEGRAVITY INC,Medium,0.6,1,0,Top,87.5,1,2.0
RAYDIANT INC,Medium,0.6,1,0,Watch,51.7,0,2.0
REAL GREEK LLC,Medium,0.6,1,0,Watch,51.7,0,4.0
REAL SAVVY INC,Medium,0.6,1,0,Watch,39.2,0,2.0
REALPAGE INC,Medium,0.6,1,0,Watch,47.5,0,76.0
REALTIME ROBOTICS INC,Medium,0.6,1,0,Watch,51.7,0,12.0
REALTY MOGUL CO,Medium,0.6,1,0,Watch,47.5,0,2.0
RECODE THERAPEUTICS INC,Medium,0.6,1,0,Watch,60.0,0,16.0
RECOR MEDICAL INC,Medium,0.6,1,0,Watch,51.7,0,12.0
REDDIT INC,Medium,0.6,1,0,Watch,59.0,0,420.0
REDESIGN SCIENCE INC,Medium,0.6,1,0,Watch,43.3,0,4.0
REDIST INC,Medium,0.6,1,0,Watch,43.3,0,30.0
REDWOOD MATERIALS INC,Medium,0.6,1,0,Watch,42.7,0,118.0
REFUELAI INC,Medium,0.6,1,0,Watch,47.5,0,2.0
REGAL VOICE INC,Medium,0.6,1,0,Watch,35.8,0,6.0
REGENT CRAFT INC,Medium,0.6,1,0,Watch,51.7,0,18.0
RELAY THERAPEUTICS INC,Medium,0.6,1,0,Watch,51.7,0,4.0
RELISH LABS LLC,Medium,0.6,1,0,Watch,47.5,0,6.0
RELTIO INC,Medium,0.6,1,0,Watch,60.0,0,48.0
REMITLY INC,High,0.9,1,0,Top,95.4,1,348.0
REORG RESEARCH INC,Medium,0.6,1,0,Low Priority,34.8,0,16.0
REPLICATE INC,Medium,0.6,1,0,Watch,40.0,0,6.0
REPSLY INC,Medium,0.6,1,0,Watch,39.2,0,2.0
RESCALE INC,Medium,0.6,1,0,Watch,51.7,0,32.0
RESURETY INC,Medium,0.6,1,0,Watch,47.3,0,16.0
RETROCAUSAL INC,Medium,0.6,1,0,Watch,47.5,0,16.0
REVBIO INC,Medium,0.6,1,0,Watch,47.5,0,6.0
REVEL SYSTEMS INC,Medium,0.6,1,0,Top,91.7,1,2.0
REVEL TRANSIT INC,Medium,0.6,1,0,Watch,43.3,0,14.0
REVIVEMED INC,Medium,0.6,1,0,Watch,39.2,0,2.0
REVIVERMX INC,Medium,0.6,1,0,Watch,51.7,0,8.0
REVOLUTION MEDICINES INC,Medium,0.6,1,0,Watch,60.0,0,70.0
REVVO TECHNOLOGIES INC,Medium,0.6,1,0,Watch,47.5,0,4.0
REWARDSTYLE INC,Medium,0.6,1,0,Watch,47.5,0,10.0
RFXCEL CORP,Medium,0.6,1,0,Watch,51.7,0,4.0
RHAEOS INC,Medium,0.6,1,0,Watch,47.5,0,2.0
RHEONIX INC,Medium,0.6,1,0,Watch,51.7,0,4.0
RHOMBUS ENERGY SOLUTIONS INC,Medium,0.6,1,0,Watch,43.3,0,2.0
RHUMBIX INC,Medium,0.6,1,0,Watch,47.5,0,2.0
RIBBON HEALTH INC,Medium,0.6,1,0,Watch,43.3,0,4.0
RIGHTREV INC,Medium,0.6,1,0,Watch,51.7,0,6.0
RIIVOS INC,Medium,0.6,1,0,Watch,38.4,0,174.0
RIPARIAN PHARMACEUTICALS INC,Medium,0.6,1,0,Watch,39.2,0,10.0
RIPE TECHNOLOGY INC,Medium,0.6,1,0,Watch,39.0,0,16.0
RIPPLE LABS INC,Medium,0.6,1,0,Watch,55.5,0,202.0
RISE INTERACTIVE MEDIA & ANALYTICS LLC,Medium,0.6,1,0,Watch,47.5,0,4.0
RISESMART INC,Medium,0.6,1,0,Watch,47.5,0,6.0
RIV DATA CORP,Medium,0.6,1,0,Watch,39.2,0,4.0
RIVER FINANCIAL INC,Medium,0.6,1,0,Watch,51.7,0,4.0
RIVINGTON HOLDINGS INC,Medium,0.6,1,0,Watch,51.7,0,4.0
ROBINHOOD MARKETS INC,Medium,0.6,1,0,Watch,59.0,0,848.0
ROBLOX CORP,High,0.9,1,0,Top,91.3,1,866.0
ROBOTO GAMES INC,Medium,0.6,1,0,Watch,47.5,0,4.0
ROCK FIBER INC,Medium,0.6,1,0,Watch,39.2,0,2.0
ROCKBOT INC,Medium,0.6,1,0,Watch,43.3,0,6.0
ROCKPORT VAL LLC,Medium,0.6,1,0,Watch,47.5,0,2.0
RODO INC,Medium,0.6,1,0,Watch,51.7,0,2.0
ROKU INC,Medium,0.6,1,0,Watch,55.6,0,658.0
ROMAN HEALTH VENTURES INC,Medium,0.6,1,0,Watch,60.0,0,30.0
ROMEO SYSTEMS INC,Medium,0.6,1,0,Watch,55.8,0,6.0
RONDO ENERGY INC,Medium,0.6,1,0,Watch,51.7,0,2.0
ROO VETERINARY INC,Medium,0.6,1,0,Watch,47.5,0,6.0
ROOFSTOCK INC,Medium,0.6,1,0,Watch,55.8,0,14.0
ROOTS AUTOMATION INC,Medium,0.6,1,0,Watch,47.5,0,12.0
RUBIK INC,Medium,0.6,1,0,Watch,42.4,0,504.0
RUNTIME VERIFICATION INC,Medium,0.6,1,0,Watch,47.5,0,2.0
RYAN SPECIALTY GROUP LLC,Medium,0.6,1,0,Watch,60.0,0,14.0
S3D INC,Medium,0.6,1,0,Watch,39.2,0,2.0
SABSE TECHNOLOGIES INC,Medium,0.6,1,0,Watch,47.5,0,10.0
SAFEAI INC,Medium,0.6,1,0,Watch,43.3,0,24.0
SAFERIDE INC,Medium,0.6,1,0,Watch,51.7,0,6.0
SAFI ANALYTICS PBC,Medium,0.6,1,0,Watch,51.7,0,8.0
SAIL INTERNET INC,Medium,0.6,1,0,Watch,43.3,0,2.0
SALESFORCE COM INC,Medium,0.6,1,0,Watch,55.4,0,76.0
SALESFORCECOM INC,Medium,0.6,1,0,Watch,55.4,0,76.0
SALTALK INC,Medium,0.6,1,0,Watch,35.8,0,6.0
SAMBANOVA SYSTEMS INC,Medium,0.6,1,0,Watch,59.6,0,180.0
SANA BIOTECHNOLOGY INC,Medium,0.6,1,0,Watch,60.0,0,62.0
SAPTALIS PHARMACEUTICALS LLC,Medium,0.6,1,0,Watch,44.6,0,24.0
SAREPTA THERAPEUTICS INC,Medium,0.6,1,0,Watch,60.0,0,108.0
SAVIYNT INC,Medium,0.6,1,0,Watch,51.5,0,328.0
SCAEVA TECHNOLOGIES INC,Medium,0.6,1,0,Watch,43.3,0,2.0
SCALEFLUX INC,Medium,0.6,1,0,Watch,51.7,0,26.0
SCHOOLINKS INC,Medium,0.6,1,0,Watch,47.5,0,4.0
SCHRODINGER INC,Medium,0.6,1,0,Watch,55.8,0,118.0
SCIENAPTIC SYSTEMS INC,Medium,0.6,1,0,Watch,39.2,0,2.0
SCRIBD INC,High,0.9,1,0,Top,91.7,1,22.0
SCYLLA TECHNOLOGIES INC,Medium,0.6,1,0,Watch,43.3,0,2.0
SEATGEEK INC,Medium,0.6,1,0,Watch,55.8,0,54.0
SEATTLE FOOD TECH INC,Medium,0.6,1,0,Watch,43.3,0,2.0
SECEON INC,Medium,0.6,1,0,Watch,39.2,0,12.0
SECOND SPECTRUM INC,Medium,0.6,1,0,Low Priority,34.2,0,4.0
SECURITYSCORECARD INC,Medium,0.6,1,0,Watch,55.8,0,4.0
SECURONIX INC,High,0.9,1,0,Top,86.9,1,124.0
SEEDEVICE INC,Medium,0.6,1,0,Watch,43.3,0,6.0
SEISMIC SOFTWARE INC,Medium,0.6,1,0,Watch,51.7,0,28.0
SELF FINANCIAL INC,Medium,0.6,1,0,Watch,55.8,0,20.0
SENDBIRD INC,High,0.9,1,0,Top,100.0,1,24.0
SENIORLY INC,Medium,0.6,1,0,Watch,47.5,0,6.0
SENSEL INC,Medium,0.6,1,0,Watch,51.7,0,4.0
SENTI BIOSCIENCES INC,Medium,0.6,1,0,Watch,51.7,0,4.0
SENTILINK CORP,Medium,0.6,1,0,Watch,55.8,0,26.0
SERVICENOW INC,Medium,0.6,1,0,Watch,60.0,0,2.0
SERVICETITAN INC,Medium,0.6,1,0,Watch,51.1,0,242.0
SETTLE INC,Medium,0.6,1,0,Watch,50.8,0,14.0
SF MOTORS INC,Medium,0.6,1,0,Watch,47.5,0,6.0
SHAPE SECURITY INC,Medium,0.6,1,0,Watch,49.7,0,36.0
SHARETHIS INC,Medium,0.6,1,0,Watch,39.2,0,14.0
SHIFT TECHNOLOGIES INC,Medium,0.6,1,0,Low Priority,28.3,0,6.0
SHIPBOB INC,Medium,0.6,1,0,Watch,38.3,0,14.0
SHIPWELL INC,Medium,0.6,1,0,Low Priority,25.8,0,4.0
SHOCKWAVE MEDICAL INC,Medium,0.6,1,0,Watch,47.5,0,60.0
SHOWROOM INC,Medium,0.6,1,0,Watch,47.5,0,2.0
SHYFT TECHNOLOGIES INC,Medium,0.6,1,0,Low Priority,15.8,0,6.0
SIBEL HEALTH INC,High,0.9,1,0,Top,91.7,1,18.0
SIDELINESWAP INC,Medium,0.6,1,0,Watch,43.3,0,4.0
SIFIVE INC,Medium,0.6,1,0,Watch,51.7,0,44.0
SIGHT SCIENCES INC,Medium,0.6,1,0,Watch,51.7,0,8.0
SIGMA COMPUTING INC,Medium,0.6,1,0,Watch,60.0,0,136.0
SILA NANOTECHNOLOGIES INC,Medium,0.6,1,0,Watch,60.0,0,74.0
SILC TECHNOLOGIES INC,Medium,0.6,1,0,Watch,51.7,0,16.0
SILVERRAIL TECHNOLOGIES INC,Medium,0.6,1,0,Watch,51.7,0,4.0
SIMA TECHNOLOGIES INC,Medium,0.6,1,0,Watch,55.8,0,36.0
SIMBIOSYS INC,Medium,0.6,1,0,Watch,47.5,0,2.0
SIMPL INC,Medium,0.6,1,0,Watch,51.7,0,2.0
SIMPLE RULES CO,Medium,0.6,1,0,Watch,51.7,0,2.0
SIMPLED RULES CO,Medium,0.6,1,0,Watch,51.7,0,2.0
SIMSPACE CORP,Medium,0.6,1,0,Watch,55.8,0,6.0
SIMX INC,Medium,0.6,1,0,Watch,39.2,0,2.0
SINGULAR LABS INC,Medium,0.6,1,0,Watch,51.7,0,2.0
SIRONA MEDICAL INC,Medium,0.6,1,0,Watch,51.7,0,26.0
SISU DATA INC,Medium,0.6,1,0,Watch,55.8,0,4.0
SITE TECHNOLOGIES INC,Medium,0.6,1,0,Watch,47.0,0,150.0
SITETRACKER INC,Medium,0.6,1,0,Watch,47.5,0,44.0
SKETCHPRO TECHNOLOGIES INC,Medium,0.6,1,0,Watch,43.3,0,2.0
SKIMS BODY INC,High,0.9,1,0,Top,100.0,1,16.0
SKYDIO INC,Medium,0.6,1,0,Watch,60.0,0,120.0
SKYRYSE INC,Medium,0.6,1,0,Watch,43.3,0,14.0
SKYTAP INC,Medium,0.6,1,0,Watch,51.7,0,10.0
SLIDERULE LABS INC,Medium,0.6,1,0,Watch,47.5,0,8.0
SLINGSHOT BIOSCIENCES INC,Medium,0.6,1,0,Watch,47.5,0,8.0
SMART WIRES INC,Medium,0.6,1,0,Watch,55.8,0,6.0
SMARTSHEET INC,High,0.9,1,0,Top,91.4,1,242.0
SMITH HEALTH INC,Medium,0.6,1,0,Watch,54.2,0,44.0
SMITH MICRO SOFTWARE INC,Medium,0.6,1,0,Watch,41.7,0,12.0
SNAPDOCS INC,Medium,0.6,1,0,Watch,60.0,0,16.0
SNAPLOGIC INC,Medium,0.6,1,0,Watch,60.0,0,104.0
SNOWFLAKE INC,Medium,0.6,1,0,Watch,59.5,0,1844.0
SOCIAL FINANCE INC,Medium,0.6,1,0,Watch,60.0,0,182.0
SOCURE INC,Medium,0.6,1,0,Watch,55.8,0,82.0
SOFAR SOUNDS LTD,Medium,0.6,1,0,Watch,43.3,0,2.0
SOLAR MOSAIC INC,Medium,0.6,1,0,Watch,43.3,0,10.0
SOLID BIOSCIENCES INC,Medium,0.6,1,0,Watch,47.5,0,14.0
SOLIDENERGY SYSTEMS LLC,Medium,0.6,1,0,Watch,49.0,0,26.0
SONOS INC,High,0.9,1,0,Top,98.9,1,192.0
SOURCEGRAPH INC,Medium,0.6,1,0,Watch,55.8,0,4.0
SPACECRAFT INC,Medium,0.6,1,0,Watch,39.2,0,2.0
SPANIO INC,Medium,0.6,1,0,Watch,51.7,0,56.0
SPARK NEURO INC,Medium,0.6,1,0,Watch,47.5,0,2.0
SPEAR BIO INC,Medium,0.6,1,0,Watch,50.0,0,12.0
SPECTRAL MD INC,Medium,0.6,1,0,Watch,36.7,0,28.0
SPINWHEEL SOLUTIONS INC,Medium,0.6,1,0,Watch,43.3,0,32.0
SPIRE INC,Medium,0.6,1,0,Watch,51.7,0,42.0
SPOTLIGHT THERAPEUTICS INC,Medium,0.6,1,0,Watch,51.7,0,6.0
SPOTNANA TECHNOLOGY INC,Medium,0.6,1,0,Watch,51.7,0,58.0
SPOTTER INC,Medium,0.6,1,0,Watch,41.5,0,38.0
SPRINKLR INC,Medium,0.6,1,0,Watch,48.5,0,66.0
SQUARESPACE INC,High,0.9,1,0,Top,99.3,1,96.0
SQZ BIOTECHNOLOGIES CO,Medium,0.6,1,0,Watch,55.8,0,2.0
STANDARD COGNITION CORP,Medium,0.6,1,0,Watch,60.0,0,12.0
STARBURST DATA INC,Medium,0.6,1,0,Watch,60.0,0,26.0
STASH FINANCIAL INC,Medium,0.6,1,0,Watch,60.0,0,30.0
STATE TECHNOLOGIES INC,Medium,0.6,1,0,Watch,39.2,0,16.0
STELLAR CYBER INC,Medium,0.6,1,0,Watch,51.7,0,44.0
STEPSTONE GROUP LP,Medium,0.6,1,0,Watch,60.0,0,52.0
STOKE THERAPEUTICS INC,Medium,0.6,1,0,Watch,55.8,0,8.0
STORK THERAPEUTICS INC,Medium,0.6,1,0,Watch,39.2,0,8.0
STRAND THERAPEUTICS INC,Medium,0.6,1,0,Watch,55.8,0,24.0
STRATEOS INC,Medium,0.6,1,0,Watch,51.7,0,8.0
STREAMLINE SOFTWARE INC,Medium,0.6,1,0,Watch,47.5,0,2.0
STREAMSETS INC,Medium,0.6,1,0,Watch,47.5,0,18.0
STREEM INC,Medium,0.6,1,0,Watch,39.2,0,4.0
STRIIM INC,Medium,0.6,1,0,Watch,51.7,0,32.0
STRIPE INC,Medium,0.6,1,0,Watch,59.4,0,1272.0
STRONGAUTH INC,Medium,0.6,1,0,Watch,47.5,0,2.0
SUGARCRM INC,Medium,0.6,1,0,Watch,43.3,0,14.0
SUMMIT THERAPEUTICS INC,Medium,0.6,1,0,Watch,55.8,0,14.0
SUMO LOGIC INC,Medium,0.6,1,0,Watch,60.0,0,100.0
SUNBIT INC,Medium,0.6,1,0,Watch,55.8,0,14.0
SUNDAE INC,Medium,0.6,1,0,Watch,55.8,0,6.0
SUNRUN INC,Medium,0.6,1,1,Watch,35.0,0,136.0
SUPER73 INC,Medium,0.6,1,0,Watch,51.7,0,2.0
SURGICAL SAFETY TECHNOLOGIES INC,Medium,0.6,1,0,Watch,51.7,0,2.0
SUTRO BIOPHARMA INC,Medium,0.6,1,0,Watch,55.8,0,14.0
SWELL ENERGY INC,Medium,0.6,1,0,Watch,47.5,0,2.0
SWIFT SOLAR INC,Medium,0.6,1,0,Watch,51.7,0,4.0
SWING THERAPEUTICS INC,Medium,0.6,1,0,Watch,43.3,0,4.0
SWITCHBACK SYSTEMS INC,Medium,0.6,1,0,Watch,47.5,0,2.0
SYAPSE INC,Medium,0.6,1,0,Watch,51.7,0,4.0
SYMBIUM CORP,Medium,0.6,1,0,Watch,43.3,0,2.0
SYNACOR INC,Medium,0.6,1,0,Watch,43.3,0,4.0
SYNCHRON INC,Medium,0.6,1,0,Watch,55.6,0,2704.0
SYNLICO INC,Medium,0.6,1,0,Watch,43.3,0,2.0
SYNTHEGO CORP,Medium,0.6,1,0,Watch,60.0,0,14.0
SYNTHESIS AI INC,Medium,0.6,1,0,Watch,51.7,0,2.0
SYNTHESIS SCHOOL INC,Medium,0.6,1,0,Watch,43.3,0,2.0
T-REX GROUP INC,Medium,0.6,1,0,Watch,47.5,0,4.0
T2 BIOSYSTEMS INC,Medium,0.6,1,0,Watch,51.7,0,2.0
TADA COGNITIVE SOLUTIONS LLC,Medium,0.6,1,0,Watch,39.2,0,12.0
TAGORE TECHNOLOGY INC,Medium,0.6,1,0,Watch,39.2,0,2.0
TALENT INC,Medium,0.6,1,0,Watch,39.2,0,72.0
TALENTSKY INC,Medium,0.6,1,0,Watch,47.5,0,2.0
TALKGO INC,Medium,0.6,1,0,Watch,39.2,0,2.0
TANGO CARD INC,Medium,0.6,1,0,Watch,47.5,0,8.0
TANGO MANAGEMENT CONSULTING INC,Medium,0.6,1,0,Watch,51.7,0,88.0
TANGO THERAPEUTICS INC,Medium,0.6,1,0,Watch,55.8,0,8.0
TANGOME INC,Medium,0.6,1,0,Watch,60.0,0,8.0
TANIUM INC,Medium,0.6,1,0,Watch,60.0,0,16.0
TAPAD INC,Medium,0.6,1,0,Watch,47.5,0,34.0
TAPITURE INC,Medium,0.6,1,0,Watch,43.3,0,4.0
TAS ENERGY INC,Medium,0.6,1,0,Watch,47.5,0,18.0
TEACHABLE INC,Medium,0.6,1,0,Watch,43.3,0,6.0
TEAMBLIND INC,High,0.9,1,0,Top,79.2,1,4.0
TEBRA TECHNOLOGIES INC,Medium,0.6,1,0,Watch,47.5,0,16.0
TECTUS CORP,Medium,0.6,1,0,Watch,50.6,0,66.0
TELADOC HEALTH INC,Medium,0.6,1,0,Watch,58.9,0,526.0
TELNYX LLC,Medium,0.6,1,0,Watch,39.2,0,24.0
TEMPUS LABS INC,Medium,0.6,1,0,Watch,46.7,0,90.0
TESLA INC,Medium,0.6,1,0,Watch,51.7,0,2.0
TETRASCIENCE INC,Medium,0.6,1,0,Watch,55.8,0,10.0
THAT'S NO MOON ENTERTAINMENT INC,Medium,0.6,1,0,Watch,47.5,0,2.0
THEREALREAL INC,Medium,0.6,1,0,Watch,60.0,0,34.0
THERMO FISHER SCIENTIFIC INC,Medium,0.6,1,0,Watch,59.3,0,1118.0
THESKIMM INC,Medium,0.6,1,0,Watch,47.5,0,2.0
THINK SURGICAL INC,Medium,0.6,1,0,Watch,47.5,0,8.0
THIRTY MADISON INC,Medium,0.6,1,0,Watch,60.0,0,14.0
THOUGHTSPOT INC,Medium,0.6,1,0,Watch,55.8,0,76.0
THREATMETRIX INC,Medium,0.6,1,0,Watch,51.7,0,20.0
THRED TECHNOLOGIES INC,Medium,0.6,1,0,Watch,47.5,0,4.0
THREEPLUSONE COMPANY INC,Medium,0.6,1,1,Watch,35.0,0,2.0
THRIVE MARKET INC,Medium,0.6,1,0,Watch,55.6,0,32.0
THUNKABLE INC,Medium,0.6,1,0,Watch,51.7,0,12.0
TIMESCALE INC,Medium,0.6,1,0,Watch,60.0,0,2.0
TIMETRADE SYSTEMS INC,Medium,0.6,1,0,Low Priority,21.7,0,4.0
TITAN ADVANCED ENERGY SOLUTIONS INC,Medium,0.6,1,0,Watch,47.5,0,8.0
TOAST INC,Medium,0.6,1,0,Watch,50.8,0,154.0
TODAYTIX INC,Medium,0.6,1,0,Watch,43.3,0,2.0
TODYL INC,Medium,0.6,1,0,Watch,43.3,0,6.0
TOPOLOGY INC,Medium,0.6,1,0,Watch,43.3,0,2.0
TORIC LABS INC,Medium,0.6,1,0,Watch,47.5,0,6.0
TORUS BIOSYSTEMS INC,Medium,0.6,1,0,Watch,51.7,0,2.0
TRACELINK INC,Medium,0.6,1,0,Watch,54.6,0,116.0
TRACKONOMY SYSTEMS INC,Medium,0.6,1,0,Watch,51.7,0,98.0
TRADE HOUNDS INC,Medium,0.6,1,0,Watch,47.5,0,2.0
TRAINING ALL PEOPLE INC,Medium,0.6,1,0,Watch,43.3,0,2.0
TRANSCEND INC,Medium,0.6,1,0,Watch,51.7,0,12.0
TRANSMEDICS INC,Medium,0.6,1,0,Watch,55.8,0,18.0
TRANSOCEAN RESOURCES MANAGEMENT INC,Medium,0.6,1,0,Watch,47.5,0,32.0
TREASURE DATA INC,High,0.9,1,0,Top,91.7,1,40.0
TREAT TECHNOLOGIES INC,Medium,0.6,1,0,Watch,47.5,0,2.0
TREATMENT TECHNOLOGIES & INSIGHTS INC,Medium,0.6,1,0,Watch,43.3,0,4.0
TREATMENT TECHNOLOGIES & INSIGHTS LLC,Medium,0.6,1,0,Watch,39.2,0,4.0
TREDENCE INC,Medium,0.6,1,0,Watch,59.0,0,580.0
TREELINE BIOSCIENCES INC,Medium,0.6,1,0,Watch,60.0,0,18.0
TRENDLY INC,Medium,0.6,1,0,Watch,51.7,0,6.0
TRIALSPARK INC,Medium,0.6,1,0,Watch,60.0,0,6.0
TRIBORO ADMINISTRATIVE SERVICES HOLDINGS LLC,Medium,0.6,1,0,Watch,42.9,0,8.0
TRINSIC TECHNOLOGIES INC,Medium,0.6,1,0,Watch,47.5,0,4.0
TRIPLE LIFT INC,Medium,0.6,1,0,Watch,40.5,0,10.0
TRUEBINDING INC,Medium,0.6,1,0,Watch,55.8,0,8.0
TRUERA INC,Medium,0.6,1,0,Watch,47.5,0,4.0
TRUNK TECHNOLOGIES INC,Medium,0.6,1,0,Watch,48.5,0,22.0
TRUSTWAVE HOLDINGS INC,Medium,0.6,1,0,Watch,51.7,0,6.0
TRUTAG TECHNOLOGIES INC,Medium,0.6,1,0,Watch,47.5,0,2.0
TULIP INTERFACES INC,Medium,0.6,1,0,Watch,55.8,0,18.0
TUNED CARE INC,Medium,0.6,1,0,Watch,39.2,0,2.0
TURING ENTERPRISES INC,Medium,0.6,1,0,Watch,55.8,0,18.0
TURO INC,Medium,0.6,1,0,Watch,60.0,0,172.0
TWENTY-SECOND CENTURY DORA TECHNOLOGY HOLDINGS INC,Medium,0.6,1,1,Watch,35.0,0,2.0
TWILIO INC,Medium,0.6,1,0,Watch,59.1,0,822.0
TWILL INC,Medium,0.6,1,0,Watch,51.7,0,6.0
TWIN HEALTH INC,Medium,0.6,1,0,Watch,55.8,0,40.0
TWINE HEALTH INC,Medium,0.6,1,0,Watch,39.2,0,40.0
TYLER TECHNOLOGIES INC,Medium,0.6,1,0,Watch,58.2,0,238.0
TYPE ONE MANAGEMENT LLC,Medium,0.6,1,0,Watch,39.2,0,2.0
TYPEFACE INC,Medium,0.6,1,0,Watch,60.0,0,14.0
UBER TECHNOLOGIES INC,Medium,0.6,1,0,Watch,59.6,0,4026.0
UDEMY INC,Medium,0.6,1,0,Watch,51.1,0,124.0
UFA INC,Medium,0.6,1,0,Watch,47.5,0,2.0
UIPATH INC,Medium,0.6,1,0,Watch,59.1,0,162.0
ULTRASENSE SYSTEMS INC,Medium,0.6,1,0,Watch,43.3,0,2.0
UNCHAINED LABS,Medium,0.6,1,0,Watch,51.7,0,2.0
UNDERDOG SPORTS HOLDINGS INC,Medium,0.6,1,0,Watch,55.8,0,4.0
UNEST HOLDINGS INC,Medium,0.6,1,0,Watch,51.7,0,2.0
UNICOIN INC,Medium,0.6,1,0,Watch,39.2,0,4.0
UNIFORMITY LABS INC,Medium,0.6,1,0,Watch,47.5,0,2.0
UNIQUIFY INC,Medium,0.6,1,0,Watch,39.2,0,2.0
UNITAS GLOBAL INC,Medium,0.6,1,0,Watch,39.2,0,4.0
UNITE USA INC,High,0.9,1,0,Top,100.0,1,22.0
UNIVERSAL NAVIGATION INC,Medium,0.6,1,0,Watch,47.5,0,6.0
UNQORK INC,Medium,0.6,1,0,Watch,60.0,0,38.0
UNRAVEL DATA SYSTEMS INC,Medium,0.6,1,0,Watch,51.7,0,4.0
UPLIFT INC,Medium,0.6,1,0,Watch,55.8,0,8.0
UPLIFT LABS INC,Medium,0.6,1,0,Low Priority,12.5,0,4.0
UPSIDE FOODS INC,Medium,0.6,1,0,Watch,60.0,0,16.0
UPSTART NETWORK INC,Medium,0.6,1,0,Watch,38.9,0,318.0
UTILIZECORE INC,Medium,0.6,1,0,Watch,47.5,0,6.0
VALENTE SHERMAN INC,Medium,0.6,1,0,Watch,47.5,0,4.0
VANTA INC,Medium,0.6,1,0,Watch,60.0,0,10.0
VANTAGE ROBOTICS LLC,Medium,0.6,1,0,Watch,47.5,0,4.0
VCOGNITION TECHNOLOGIES INC,Medium,0.6,1,0,Watch,51.7,0,8.0
VECNA ROBOTICS INC,Medium,0.6,1,0,Watch,44.2,0,12.0
VEDANTA BIOSCIENCES INC,Medium,0.6,1,0,Watch,60.0,0,12.0
VENDIA INC,Medium,0.6,1,0,Watch,51.7,0,2.0
VENTANA MICRO SYSTEMS INC,Medium,0.6,1,0,Watch,47.5,0,32.0
VERA WHOLE HEALTH INC,Medium,0.6,1,0,Watch,47.5,0,4.0
VERACYTE INC,Medium,0.6,1,0,Watch,47.5,0,48.0
VERAI DISCOVERIES INC,Medium,0.6,1,0,Watch,51.7,0,4.0
VERDANT ROBOTICS INC,Medium,0.6,1,0,Watch,47.5,0,2.0
VERINT SYSTEMS INC,Medium,0.6,1,0,Watch,60.0,0,22.0
VERKADA INC,Medium,0.6,1,0,Watch,59.5,0,276.0
VERSA NETWORKS INC,Medium,0.6,1,0,Watch,55.4,0,166.0
VERTEX ANALYTICS INC,Medium,0.6,1,0,Watch,37.7,0,94.0
VERVE THERAPEUTICS INC,Medium,0.6,1,0,Watch,55.8,0,40.0
VERYABLE INC,Medium,0.6,1,0,Watch,39.2,0,16.0
VERYFI INC,Medium,0.6,1,0,Watch,51.7,0,2.0
VESTMARK INC,Medium,0.6,1,0,Watch,47.5,0,52.0
VESTWELL HOLDINGS INC,Medium,0.6,1,0,Watch,60.0,0,20.0
VETERINARY EMERGENCY GROUP LLC,Medium,0.6,1,0,Watch,60.0,0,38.0
VIA SEPARATIONS INC,Medium,0.6,1,0,Watch,51.7,0,4.0
VIA TRANSPORATION INC,High,0.9,1,0,Top,87.5,1,46.0
VIA TRANSPORTATION INC,High,0.9,1,0,Top,95.8,1,46.0
VIAM INC,Medium,0.6,1,0,Watch,55.8,0,6.0
VIASAT INC,Medium,0.6,1,0,Watch,59.1,0,238.0
VICOR CORP,Medium,0.6,1,0,Watch,39.2,0,48.0
VIDEAHEALTH INC,Medium,0.6,1,0,Watch,47.3,0,16.0
VIDMOB INC,Medium,0.6,1,0,Watch,47.5,0,22.0
VIEW INC,Medium,0.6,1,0,Watch,60.0,0,4.0
VIEW THE SPACE INC,High,0.9,1,0,Top,95.8,1,10.0
VIEWPOINT THERAPEUTICS INC,Medium,0.6,1,0,Watch,51.7,0,6.0
VILLAGE PRACTICE MANAGEMENT COMPANY LLC,Medium,0.6,1,0,Low Priority,34.8,0,16.0
VIR BIOTECHNOLOGY INC,Medium,0.6,1,0,Watch,51.7,0,30.0
VIRALGAINS INC,Medium,0.6,1,0,Watch,47.5,0,6.0
VIRSEC SYSTEMS INC,Medium,0.6,1,0,Watch,47.5,0,10.0
VIRTUAL FRAMEWORKS INC,Medium,0.6,1,0,Watch,47.5,0,4.0
VIRTUAL INSTRUMENTS CORP,Medium,0.6,1,0,Watch,47.5,0,8.0
VIRTUSA CORP,Medium,0.6,1,0,Watch,59.1,0,3300.0
VISIBLE TECHNOLOGIES INC,Medium,0.6,1,0,Watch,43.3,0,10.0
VISICON TECHNOLOGIES INC,Medium,0.6,1,0,Watch,39.0,0,332.0
VISURA TECHNOLOGIES LLC,Medium,0.6,1,0,Watch,36.2,0,166.0
VITAL CONNECT INC,Medium,0.6,1,0,Watch,51.7,0,6.0
VIVIDION THERAPEUTICS INC,Medium,0.6,1,0,Watch,60.0,0,4.0
VIVOSENS INC,Medium,0.6,1,0,Watch,43.3,0,2.0
VIVOSENSE INC,Medium,0.6,1,0,Watch,51.7,0,2.0
VIZGEN INC,Medium,0.6,1,0,Watch,55.8,0,18.0
VIZION INC,Medium,0.6,1,0,Watch,47.5,0,16.0
VOLTA LABS INC,Medium,0.6,1,0,Watch,47.5,0,12.0
VOLTUS INC,Medium,0.6,1,0,Watch,51.7,0,32.0
VOR BIOPHARMA INC,Medium,0.6,1,0,Watch,60.0,0,22.0
VOUCH INC,Medium,0.6,1,0,Watch,51.7,0,12.0
VOXEL LABS INC,Medium,0.6,1,0,Watch,52.7,0,22.0
VOYAGER THERAPEUTICS INC,Medium,0.6,1,0,Watch,51.7,0,40.0
VOYANT PHOTONICS INC,Medium,0.6,1,0,Watch,43.3,0,6.0
VOYAT INC,High,0.9,1,0,Top,79.2,1,8.0
VROOM INC,Medium,0.6,1,0,Watch,47.5,0,18.0
WAFFLE LABS INC,Medium,0.6,1,0,Watch,39.2,0,4.0
WALTER DORWIN TEAGUE ASSOCIATES INC,Medium,0.6,1,1,Watch,35.0,0,6.0
WALTZ HEALTH INC,High,0.9,1,0,Top,91.7,1,10.0
WASABI TECHNOLOGIES INC,Medium,0.6,1,0,Watch,51.7,0,46.0
WATERSHED TECHNOLOGY INC,Medium,0.6,1,0,Watch,60.0,0,26.0
WEFUNDER INC,Medium,0.6,1,0,Watch,39.2,0,2.0
WELBE HEALTH LLC,Medium,0.6,1,0,Watch,43.3,0,18.0
WHATNOT INC,Medium,0.6,1,0,Watch,59.5,0,136.0
WHEELS UP PARTNERS HOLDINGS LLC,Medium,0.6,1,0,Watch,60.0,0,38.0
WHOOP INC,Medium,0.6,1,0,Watch,55.8,0,114.0
WILD TYPE INC,Medium,0.6,1,0,Watch,55.8,0,2.0
WILDCAT DISCOVERY TECHNOLOGIES INC,Medium,0.6,1,0,Watch,55.8,0,18.0
WINGS THERAPEUTICS INC,Medium,0.6,1,0,Watch,39.2,0,4.0
WIREWHEEL INC,Medium,0.6,1,0,Watch,47.5,0,2.0
WISETACK INC,Medium,0.6,1,0,Watch,51.7,0,6.0
WIZARD COMMERCE INC,High,0.9,1,0,Top,95.8,1,8.0
WORKFUSION INC,Medium,0.6,1,0,Watch,51.7,0,6.0
WORKRAMP INC,Medium,0.6,1,0,Watch,51.7,0,2.0
WORKSPOT INC,Medium,0.6,1,0,Watch,47.5,0,4.0
WPENGINE INC,Medium,0.6,1,0,Watch,47.5,0,16.0
WURL INC,Medium,0.6,1,0,Watch,43.3,0,2.0
WW INTERNATIONAL INC,Medium,0.6,1,0,Watch,51.7,0,74.0
WYZE LABS INC,Medium,0.6,1,0,Watch,58.9,0,64.0
X-THERMA INC,Medium,0.6,1,0,Watch,51.7,0,4.0
XAGE SECURITY INC,Medium,0.6,1,0,Watch,49.0,0,26.0
XENDIT INC,Medium,0.6,1,0,Watch,39.2,0,2.0
XETDATA INC,Medium,0.6,1,0,Watch,47.5,0,4.0
XEVO INC,Medium,0.6,1,0,Watch,43.3,0,2.0
XL8 INC,Medium,0.6,1,0,Top,87.5,1,2.0
XTAL INC,Medium,0.6,1,0,Watch,47.5,0,2.0
YELP INC,Medium,0.6,1,0,Watch,55.5,0,246.0
YENDO INC,Medium,0.6,1,0,Top,91.7,1,2.0
YEXT INC,High,0.9,1,0,Top,95.8,1,68.0
YIELDMO INC,Medium,0.6,1,0,Watch,47.5,0,22.0
YIELDSTREET INC,Medium,0.6,1,0,Watch,55.8,0,20.0
YOSHI INC,Medium,0.6,1,0,Watch,38.8,0,8.0
YOTASCALE INC,Medium,0.6,1,0,Watch,47.5,0,8.0
YOU WORLD INC,Medium,0.6,1,0,Watch,39.2,0,2.0
ZAKIPOINT HEALTH INC,Medium,0.6,1,0,Low Priority,34.8,0,16.0
ZANBATO INC,Medium,0.6,1,0,Watch,51.7,0,4.0
ZAPATA COMPUTING HOLDINGS INC,Medium,0.6,1,0,Watch,47.5,0,6.0
ZAPATA COMPUTING INC,Medium,0.6,1,0,Watch,43.3,0,6.0
ZEFR INC,Medium,0.6,1,0,Watch,47.5,0,24.0
ZENARATE INC,Medium,0.6,1,0,Watch,39.2,0,4.0
ZENDAR INC,Medium,0.6,1,0,Watch,47.5,0,10.0
ZENLEADS INC,Medium,0.6,1,0,Watch,56.1,0,18.0
ZENO MOTO CORP,Medium,0.6,1,0,Watch,43.3,0,2.0
ZERO MOTORCYCLES INC,Medium,0.6,1,0,Watch,60.0,0,16.0
ZEROAVIA INC,Medium,0.6,1,0,Watch,55.8,0,10.0
ZICO RISING INC,Medium,0.6,1,0,Watch,47.5,0,2.0
ZIMENO INC,Medium,0.6,1,0,Watch,51.7,0,38.0
ZIMPERIUM INC,Medium,0.6,1,0,Watch,47.5,0,44.0
ZINGTREE INC,Medium,0.6,1,0,Watch,47.5,0,4.0
ZINIER INC,Medium,0.6,1,0,Watch,55.8,0,10.0
ZIPARI INC,Medium,0.6,1,0,Watch,47.5,0,2.0
ZIPRECRUITER INC,Medium,0.6,1,0,Watch,54.5,0,102.0
ZIPSTORM INC,Medium,0.6,1,0,Watch,55.8,0,18.0
ZOCDOC INC,Medium,0.6,1,0,Watch,53.8,0,34.0
ZONAR SYSTEMS INC,Medium,0.6,1,0,Watch,55.8,0,20.0
ZOOM VIDEO COMMUNICATIONS INC,Medium,0.6,1,0,Watch,60.0,0,2.0
ZOOMINFO TECHNOLOGIES INC,Medium,0.6,1,0,Watch,37.1,0,104.0
ZOOX INC,Medium,0.6,1,0,Watch,59.7,0,1374.0
ZSCALER INC,Medium,0.6,1,0,Watch,51.2,0,814.0
ZUORA INC,Medium,0.6,1,0,Watch,59.3,0,202.0
